trading_step,ds,split
0,2010-01-04,Train
1,2010-01-05,Train
2,2010-01-06,Train
3,2010-01-07,Train
4,2010-01-08,Train
5,2010-01-11,Train
6,2010-01-12,Train
7,2010-01-13,Train
8,2010-01-14,Train
9,2010-01-15,Train
10,2010-01-19,Train
11,2010-01-20,Train
12,2010-01-21,Train
13,2010-01-22,Train
14,2010-01-25,Train
15,2010-01-26,Train
16,2010-01-27,Train
17,2010-01-28,Train
18,2010-01-29,Train
19,2010-02-01,Train
20,2010-02-02,Train
21,2010-02-03,Train
22,2010-02-04,Train
23,2010-02-05,Train
24,2010-02-08,Train
25,2010-02-09,Train
26,2010-02-10,Train
27,2010-02-11,Train
28,2010-02-12,Train
29,2010-02-16,Train
30,2010-02-17,Train
31,2010-02-18,Train
32,2010-02-19,Train
33,2010-02-22,Train
34,2010-02-23,Train
35,2010-02-24,Train
36,2010-02-25,Train
37,2010-02-26,Train
38,2010-03-01,Train
39,2010-03-02,Train
40,2010-03-03,Train
41,2010-03-04,Train
42,2010-03-05,Train
43,2010-03-08,Train
44,2010-03-09,Train
45,2010-03-10,Train
46,2010-03-11,Train
47,2010-03-12,Train
48,2010-03-15,Train
49,2010-03-16,Train
50,2010-03-17,Train
51,2010-03-18,Train
52,2010-03-19,Train
53,2010-03-22,Train
54,2010-03-23,Train
55,2010-03-24,Train
56,2010-03-25,Train
57,2010-03-26,Train
58,2010-03-29,Train
59,2010-03-30,Train
60,2010-03-31,Train
61,2010-04-01,Train
62,2010-04-05,Train
63,2010-04-06,Train
64,2010-04-07,Train
65,2010-04-08,Train
66,2010-04-09,Train
67,2010-04-12,Train
68,2010-04-13,Train
69,2010-04-14,Train
70,2010-04-15,Train
71,2010-04-16,Train
72,2010-04-19,Train
73,2010-04-20,Train
74,2010-04-21,Train
75,2010-04-22,Train
76,2010-04-23,Train
77,2010-04-26,Train
78,2010-04-27,Train
79,2010-04-28,Train
80,2010-04-29,Train
81,2010-04-30,Train
82,2010-05-03,Train
83,2010-05-04,Train
84,2010-05-05,Train
85,2010-05-06,Train
86,2010-05-07,Train
87,2010-05-10,Train
88,2010-05-11,Train
89,2010-05-12,Train
90,2010-05-13,Train
91,2010-05-14,Train
92,2010-05-17,Train
93,2010-05-18,Train
94,2010-05-19,Train
95,2010-05-20,Train
96,2010-05-21,Train
97,2010-05-24,Train
98,2010-05-25,Train
99,2010-05-26,Train
100,2010-05-27,Train
101,2010-05-28,Train
102,2010-06-01,Train
103,2010-06-02,Train
104,2010-06-03,Train
105,2010-06-04,Train
106,2010-06-07,Train
107,2010-06-08,Train
108,2010-06-09,Train
109,2010-06-10,Train
110,2010-06-11,Train
111,2010-06-14,Train
112,2010-06-15,Train
113,2010-06-16,Train
114,2010-06-17,Train
115,2010-06-18,Train
116,2010-06-21,Train
117,2010-06-22,Train
118,2010-06-23,Train
119,2010-06-24,Train
120,2010-06-25,Train
121,2010-06-28,Train
122,2010-06-29,Train
123,2010-06-30,Train
124,2010-07-01,Train
125,2010-07-02,Train
126,2010-07-06,Train
127,2010-07-07,Train
128,2010-07-08,Train
129,2010-07-09,Train
130,2010-07-12,Train
131,2010-07-13,Train
132,2010-07-14,Train
133,2010-07-15,Train
134,2010-07-16,Train
135,2010-07-19,Train
136,2010-07-20,Train
137,2010-07-21,Train
138,2010-07-22,Train
139,2010-07-23,Train
140,2010-07-26,Train
141,2010-07-27,Train
142,2010-07-28,Train
143,2010-07-29,Train
144,2010-07-30,Train
145,2010-08-02,Train
146,2010-08-03,Train
147,2010-08-04,Train
148,2010-08-05,Train
149,2010-08-06,Train
150,2010-08-09,Train
151,2010-08-10,Train
152,2010-08-11,Train
153,2010-08-12,Train
154,2010-08-13,Train
155,2010-08-16,Train
156,2010-08-17,Train
157,2010-08-18,Train
158,2010-08-19,Train
159,2010-08-20,Train
160,2010-08-23,Train
161,2010-08-24,Train
162,2010-08-25,Train
163,2010-08-26,Train
164,2010-08-27,Train
165,2010-08-30,Train
166,2010-08-31,Train
167,2010-09-01,Train
168,2010-09-02,Train
169,2010-09-03,Train
170,2010-09-07,Train
171,2010-09-08,Train
172,2010-09-09,Train
173,2010-09-10,Train
174,2010-09-13,Train
175,2010-09-14,Train
176,2010-09-15,Train
177,2010-09-16,Train
178,2010-09-17,Train
179,2010-09-20,Train
180,2010-09-21,Train
181,2010-09-22,Train
182,2010-09-23,Train
183,2010-09-24,Train
184,2010-09-27,Train
185,2010-09-28,Train
186,2010-09-29,Train
187,2010-09-30,Train
188,2010-10-01,Train
189,2010-10-04,Train
190,2010-10-05,Train
191,2010-10-06,Train
192,2010-10-07,Train
193,2010-10-08,Train
194,2010-10-11,Train
195,2010-10-12,Train
196,2010-10-13,Train
197,2010-10-14,Train
198,2010-10-15,Train
199,2010-10-18,Train
200,2010-10-19,Train
201,2010-10-20,Train
202,2010-10-21,Train
203,2010-10-22,Train
204,2010-10-25,Train
205,2010-10-26,Train
206,2010-10-27,Train
207,2010-10-28,Train
208,2010-10-29,Train
209,2010-11-01,Train
210,2010-11-02,Train
211,2010-11-03,Train
212,2010-11-04,Train
213,2010-11-05,Train
214,2010-11-08,Train
215,2010-11-09,Train
216,2010-11-10,Train
217,2010-11-11,Train
218,2010-11-12,Train
219,2010-11-15,Train
220,2010-11-16,Train
221,2010-11-17,Train
222,2010-11-18,Train
223,2010-11-19,Train
224,2010-11-22,Train
225,2010-11-23,Train
226,2010-11-24,Train
227,2010-11-26,Train
228,2010-11-29,Train
229,2010-11-30,Train
230,2010-12-01,Train
231,2010-12-02,Train
232,2010-12-03,Train
233,2010-12-06,Train
234,2010-12-07,Train
235,2010-12-08,Train
236,2010-12-09,Train
237,2010-12-10,Train
238,2010-12-13,Train
239,2010-12-14,Train
240,2010-12-15,Train
241,2010-12-16,Train
242,2010-12-17,Train
243,2010-12-20,Train
244,2010-12-21,Train
245,2010-12-22,Train
246,2010-12-23,Train
247,2010-12-27,Train
248,2010-12-28,Train
249,2010-12-29,Train
250,2010-12-30,Train
251,2010-12-31,Train
252,2011-01-03,Train
253,2011-01-04,Train
254,2011-01-05,Train
255,2011-01-06,Train
256,2011-01-07,Train
257,2011-01-10,Train
258,2011-01-11,Train
259,2011-01-12,Train
260,2011-01-13,Train
261,2011-01-14,Train
262,2011-01-18,Train
263,2011-01-19,Train
264,2011-01-20,Train
265,2011-01-21,Train
266,2011-01-24,Train
267,2011-01-25,Train
268,2011-01-26,Train
269,2011-01-27,Train
270,2011-01-28,Train
271,2011-01-31,Train
272,2011-02-01,Train
273,2011-02-02,Train
274,2011-02-03,Train
275,2011-02-04,Train
276,2011-02-07,Train
277,2011-02-08,Train
278,2011-02-09,Train
279,2011-02-10,Train
280,2011-02-11,Train
281,2011-02-14,Train
282,2011-02-15,Train
283,2011-02-16,Train
284,2011-02-17,Train
285,2011-02-18,Train
286,2011-02-22,Train
287,2011-02-23,Train
288,2011-02-24,Train
289,2011-02-25,Train
290,2011-02-28,Train
291,2011-03-01,Train
292,2011-03-02,Train
293,2011-03-03,Train
294,2011-03-04,Train
295,2011-03-07,Train
296,2011-03-08,Train
297,2011-03-09,Train
298,2011-03-10,Train
299,2011-03-11,Train
300,2011-03-14,Train
301,2011-03-15,Train
302,2011-03-16,Train
303,2011-03-17,Train
304,2011-03-18,Train
305,2011-03-21,Train
306,2011-03-22,Train
307,2011-03-23,Train
308,2011-03-24,Train
309,2011-03-25,Train
310,2011-03-28,Train
311,2011-03-29,Train
312,2011-03-30,Train
313,2011-03-31,Train
314,2011-04-01,Train
315,2011-04-04,Train
316,2011-04-05,Train
317,2011-04-06,Train
318,2011-04-07,Train
319,2011-04-08,Train
320,2011-04-11,Train
321,2011-04-12,Train
322,2011-04-13,Train
323,2011-04-14,Train
324,2011-04-15,Train
325,2011-04-18,Train
326,2011-04-19,Train
327,2011-04-20,Train
328,2011-04-21,Train
329,2011-04-25,Train
330,2011-04-26,Train
331,2011-04-27,Train
332,2011-04-28,Train
333,2011-04-29,Train
334,2011-05-02,Train
335,2011-05-03,Train
336,2011-05-04,Train
337,2011-05-05,Train
338,2011-05-06,Train
339,2011-05-09,Train
340,2011-05-10,Train
341,2011-05-11,Train
342,2011-05-12,Train
343,2011-05-13,Train
344,2011-05-16,Train
345,2011-05-17,Train
346,2011-05-18,Train
347,2011-05-19,Train
348,2011-05-20,Train
349,2011-05-23,Train
350,2011-05-24,Train
351,2011-05-25,Train
352,2011-05-26,Train
353,2011-05-27,Train
354,2011-05-31,Train
355,2011-06-01,Train
356,2011-06-02,Train
357,2011-06-03,Train
358,2011-06-06,Train
359,2011-06-07,Train
360,2011-06-08,Train
361,2011-06-09,Train
362,2011-06-10,Train
363,2011-06-13,Train
364,2011-06-14,Train
365,2011-06-15,Train
366,2011-06-16,Train
367,2011-06-17,Train
368,2011-06-20,Train
369,2011-06-21,Train
370,2011-06-22,Train
371,2011-06-23,Train
372,2011-06-24,Train
373,2011-06-27,Train
374,2011-06-28,Train
375,2011-06-29,Train
376,2011-06-30,Train
377,2011-07-01,Train
378,2011-07-05,Train
379,2011-07-06,Train
380,2011-07-07,Train
381,2011-07-08,Train
382,2011-07-11,Train
383,2011-07-12,Train
384,2011-07-13,Train
385,2011-07-14,Train
386,2011-07-15,Train
387,2011-07-18,Train
388,2011-07-19,Train
389,2011-07-20,Train
390,2011-07-21,Train
391,2011-07-22,Train
392,2011-07-25,Train
393,2011-07-26,Train
394,2011-07-27,Train
395,2011-07-28,Train
396,2011-07-29,Train
397,2011-08-01,Train
398,2011-08-02,Train
399,2011-08-03,Train
400,2011-08-04,Train
401,2011-08-05,Train
402,2011-08-08,Train
403,2011-08-09,Train
404,2011-08-10,Train
405,2011-08-11,Train
406,2011-08-12,Train
407,2011-08-15,Train
408,2011-08-16,Train
409,2011-08-17,Train
410,2011-08-18,Train
411,2011-08-19,Train
412,2011-08-22,Train
413,2011-08-23,Train
414,2011-08-24,Train
415,2011-08-25,Train
416,2011-08-26,Train
417,2011-08-29,Train
418,2011-08-30,Train
419,2011-08-31,Train
420,2011-09-01,Train
421,2011-09-02,Train
422,2011-09-06,Train
423,2011-09-07,Train
424,2011-09-08,Train
425,2011-09-09,Train
426,2011-09-12,Train
427,2011-09-13,Train
428,2011-09-14,Train
429,2011-09-15,Train
430,2011-09-16,Train
431,2011-09-19,Train
432,2011-09-20,Train
433,2011-09-21,Train
434,2011-09-22,Train
435,2011-09-23,Train
436,2011-09-26,Train
437,2011-09-27,Train
438,2011-09-28,Train
439,2011-09-29,Train
440,2011-09-30,Train
441,2011-10-03,Train
442,2011-10-04,Train
443,2011-10-05,Train
444,2011-10-06,Train
445,2011-10-07,Train
446,2011-10-10,Train
447,2011-10-11,Train
448,2011-10-12,Train
449,2011-10-13,Train
450,2011-10-14,Train
451,2011-10-17,Train
452,2011-10-18,Train
453,2011-10-19,Train
454,2011-10-20,Train
455,2011-10-21,Train
456,2011-10-24,Train
457,2011-10-25,Train
458,2011-10-26,Train
459,2011-10-27,Train
460,2011-10-28,Train
461,2011-10-31,Train
462,2011-11-01,Train
463,2011-11-02,Train
464,2011-11-03,Train
465,2011-11-04,Train
466,2011-11-07,Train
467,2011-11-08,Train
468,2011-11-09,Train
469,2011-11-10,Train
470,2011-11-11,Train
471,2011-11-14,Train
472,2011-11-15,Train
473,2011-11-16,Train
474,2011-11-17,Train
475,2011-11-18,Train
476,2011-11-21,Train
477,2011-11-22,Train
478,2011-11-23,Train
479,2011-11-25,Train
480,2011-11-28,Train
481,2011-11-29,Train
482,2011-11-30,Train
483,2011-12-01,Train
484,2011-12-02,Train
485,2011-12-05,Train
486,2011-12-06,Train
487,2011-12-07,Train
488,2011-12-08,Train
489,2011-12-09,Train
490,2011-12-12,Train
491,2011-12-13,Train
492,2011-12-14,Train
493,2011-12-15,Train
494,2011-12-16,Train
495,2011-12-19,Train
496,2011-12-20,Train
497,2011-12-21,Train
498,2011-12-22,Train
499,2011-12-23,Train
500,2011-12-27,Train
501,2011-12-28,Train
502,2011-12-29,Train
503,2011-12-30,Train
504,2012-01-03,Train
505,2012-01-04,Train
506,2012-01-05,Train
507,2012-01-06,Train
508,2012-01-09,Train
509,2012-01-10,Train
510,2012-01-11,Train
511,2012-01-12,Train
512,2012-01-13,Train
513,2012-01-17,Train
514,2012-01-18,Train
515,2012-01-19,Train
516,2012-01-20,Train
517,2012-01-23,Train
518,2012-01-24,Train
519,2012-01-25,Train
520,2012-01-26,Train
521,2012-01-27,Train
522,2012-01-30,Train
523,2012-01-31,Train
524,2012-02-01,Train
525,2012-02-02,Train
526,2012-02-03,Train
527,2012-02-06,Train
528,2012-02-07,Train
529,2012-02-08,Train
530,2012-02-09,Train
531,2012-02-10,Train
532,2012-02-13,Train
533,2012-02-14,Train
534,2012-02-15,Train
535,2012-02-16,Train
536,2012-02-17,Train
537,2012-02-21,Train
538,2012-02-22,Train
539,2012-02-23,Train
540,2012-02-24,Train
541,2012-02-27,Train
542,2012-02-28,Train
543,2012-02-29,Train
544,2012-03-01,Train
545,2012-03-02,Train
546,2012-03-05,Train
547,2012-03-06,Train
548,2012-03-07,Train
549,2012-03-08,Train
550,2012-03-09,Train
551,2012-03-12,Train
552,2012-03-13,Train
553,2012-03-14,Train
554,2012-03-15,Train
555,2012-03-16,Train
556,2012-03-19,Train
557,2012-03-20,Train
558,2012-03-21,Train
559,2012-03-22,Train
560,2012-03-23,Train
561,2012-03-26,Train
562,2012-03-27,Train
563,2012-03-28,Train
564,2012-03-29,Train
565,2012-03-30,Train
566,2012-04-02,Train
567,2012-04-03,Train
568,2012-04-04,Train
569,2012-04-05,Train
570,2012-04-09,Train
571,2012-04-10,Train
572,2012-04-11,Train
573,2012-04-12,Train
574,2012-04-13,Train
575,2012-04-16,Train
576,2012-04-17,Train
577,2012-04-18,Train
578,2012-04-19,Train
579,2012-04-20,Train
580,2012-04-23,Train
581,2012-04-24,Train
582,2012-04-25,Train
583,2012-04-26,Train
584,2012-04-27,Train
585,2012-04-30,Train
586,2012-05-01,Train
587,2012-05-02,Train
588,2012-05-03,Train
589,2012-05-04,Train
590,2012-05-07,Train
591,2012-05-08,Train
592,2012-05-09,Train
593,2012-05-10,Train
594,2012-05-11,Train
595,2012-05-14,Train
596,2012-05-15,Train
597,2012-05-16,Train
598,2012-05-17,Train
599,2012-05-18,Train
600,2012-05-21,Train
601,2012-05-22,Train
602,2012-05-23,Train
603,2012-05-24,Train
604,2012-05-25,Train
605,2012-05-29,Train
606,2012-05-30,Train
607,2012-05-31,Train
608,2012-06-01,Train
609,2012-06-04,Train
610,2012-06-05,Train
611,2012-06-06,Train
612,2012-06-07,Train
613,2012-06-08,Train
614,2012-06-11,Train
615,2012-06-12,Train
616,2012-06-13,Train
617,2012-06-14,Train
618,2012-06-15,Train
619,2012-06-18,Train
620,2012-06-19,Train
621,2012-06-20,Train
622,2012-06-21,Train
623,2012-06-22,Train
624,2012-06-25,Train
625,2012-06-26,Train
626,2012-06-27,Train
627,2012-06-28,Train
628,2012-06-29,Train
629,2012-07-02,Train
630,2012-07-03,Train
631,2012-07-05,Train
632,2012-07-06,Train
633,2012-07-09,Train
634,2012-07-10,Train
635,2012-07-11,Train
636,2012-07-12,Train
637,2012-07-13,Train
638,2012-07-16,Train
639,2012-07-17,Train
640,2012-07-18,Train
641,2012-07-19,Train
642,2012-07-20,Train
643,2012-07-23,Train
644,2012-07-24,Train
645,2012-07-25,Train
646,2012-07-26,Train
647,2012-07-27,Train
648,2012-07-30,Train
649,2012-07-31,Train
650,2012-08-01,Train
651,2012-08-02,Train
652,2012-08-03,Train
653,2012-08-06,Train
654,2012-08-07,Train
655,2012-08-08,Train
656,2012-08-09,Train
657,2012-08-10,Train
658,2012-08-13,Train
659,2012-08-14,Train
660,2012-08-15,Train
661,2012-08-16,Train
662,2012-08-17,Train
663,2012-08-20,Train
664,2012-08-21,Train
665,2012-08-22,Train
666,2012-08-23,Train
667,2012-08-24,Train
668,2012-08-27,Train
669,2012-08-28,Train
670,2012-08-29,Train
671,2012-08-30,Train
672,2012-08-31,Train
673,2012-09-04,Train
674,2012-09-05,Train
675,2012-09-06,Train
676,2012-09-07,Train
677,2012-09-10,Train
678,2012-09-11,Train
679,2012-09-12,Train
680,2012-09-13,Train
681,2012-09-14,Train
682,2012-09-17,Train
683,2012-09-18,Train
684,2012-09-19,Train
685,2012-09-20,Train
686,2012-09-21,Train
687,2012-09-24,Train
688,2012-09-25,Train
689,2012-09-26,Train
690,2012-09-27,Train
691,2012-09-28,Train
692,2012-10-01,Train
693,2012-10-02,Train
694,2012-10-03,Train
695,2012-10-04,Train
696,2012-10-05,Train
697,2012-10-08,Train
698,2012-10-09,Train
699,2012-10-10,Train
700,2012-10-11,Train
701,2012-10-12,Train
702,2012-10-15,Train
703,2012-10-16,Train
704,2012-10-17,Train
705,2012-10-18,Train
706,2012-10-19,Train
707,2012-10-22,Train
708,2012-10-23,Train
709,2012-10-24,Train
710,2012-10-25,Train
711,2012-10-26,Train
712,2012-10-31,Train
713,2012-11-01,Train
714,2012-11-02,Train
715,2012-11-05,Train
716,2012-11-06,Train
717,2012-11-07,Train
718,2012-11-08,Train
719,2012-11-09,Train
720,2012-11-12,Train
721,2012-11-13,Train
722,2012-11-14,Train
723,2012-11-15,Train
724,2012-11-16,Train
725,2012-11-19,Train
726,2012-11-20,Train
727,2012-11-21,Train
728,2012-11-23,Train
729,2012-11-26,Train
730,2012-11-27,Train
731,2012-11-28,Train
732,2012-11-29,Train
733,2012-11-30,Train
734,2012-12-03,Train
735,2012-12-04,Train
736,2012-12-05,Train
737,2012-12-06,Train
738,2012-12-07,Train
739,2012-12-10,Train
740,2012-12-11,Train
741,2012-12-12,Train
742,2012-12-13,Train
743,2012-12-14,Train
744,2012-12-17,Train
745,2012-12-18,Train
746,2012-12-19,Train
747,2012-12-20,Train
748,2012-12-21,Train
749,2012-12-24,Train
750,2012-12-26,Train
751,2012-12-27,Train
752,2012-12-28,Train
753,2012-12-31,Train
754,2013-01-02,Train
755,2013-01-03,Train
756,2013-01-04,Train
757,2013-01-07,Train
758,2013-01-08,Train
759,2013-01-09,Train
760,2013-01-10,Train
761,2013-01-11,Train
762,2013-01-14,Train
763,2013-01-15,Train
764,2013-01-16,Train
765,2013-01-17,Train
766,2013-01-18,Train
767,2013-01-22,Train
768,2013-01-23,Train
769,2013-01-24,Train
770,2013-01-25,Train
771,2013-01-28,Train
772,2013-01-29,Train
773,2013-01-30,Train
774,2013-01-31,Train
775,2013-02-01,Train
776,2013-02-04,Train
777,2013-02-05,Train
778,2013-02-06,Train
779,2013-02-07,Train
780,2013-02-08,Train
781,2013-02-11,Train
782,2013-02-12,Train
783,2013-02-13,Train
784,2013-02-14,Train
785,2013-02-15,Train
786,2013-02-19,Train
787,2013-02-20,Train
788,2013-02-21,Train
789,2013-02-22,Train
790,2013-02-25,Train
791,2013-02-26,Train
792,2013-02-27,Train
793,2013-02-28,Train
794,2013-03-01,Train
795,2013-03-04,Train
796,2013-03-05,Train
797,2013-03-06,Train
798,2013-03-07,Train
799,2013-03-08,Train
800,2013-03-11,Train
801,2013-03-12,Train
802,2013-03-13,Train
803,2013-03-14,Train
804,2013-03-15,Train
805,2013-03-18,Train
806,2013-03-19,Train
807,2013-03-20,Train
808,2013-03-21,Train
809,2013-03-22,Train
810,2013-03-25,Train
811,2013-03-26,Train
812,2013-03-27,Train
813,2013-03-28,Train
814,2013-04-01,Train
815,2013-04-02,Train
816,2013-04-03,Train
817,2013-04-04,Train
818,2013-04-05,Train
819,2013-04-08,Train
820,2013-04-09,Train
821,2013-04-10,Train
822,2013-04-11,Train
823,2013-04-12,Train
824,2013-04-15,Train
825,2013-04-16,Train
826,2013-04-17,Train
827,2013-04-18,Train
828,2013-04-19,Train
829,2013-04-22,Train
830,2013-04-23,Train
831,2013-04-24,Train
832,2013-04-25,Train
833,2013-04-26,Train
834,2013-04-29,Train
835,2013-04-30,Train
836,2013-05-01,Train
837,2013-05-02,Train
838,2013-05-03,Train
839,2013-05-06,Train
840,2013-05-07,Train
841,2013-05-08,Train
842,2013-05-09,Train
843,2013-05-10,Train
844,2013-05-13,Train
845,2013-05-14,Train
846,2013-05-15,Train
847,2013-05-16,Train
848,2013-05-17,Train
849,2013-05-20,Train
850,2013-05-21,Train
851,2013-05-22,Train
852,2013-05-23,Train
853,2013-05-24,Train
854,2013-05-28,Train
855,2013-05-29,Train
856,2013-05-30,Train
857,2013-05-31,Train
858,2013-06-03,Train
859,2013-06-04,Train
860,2013-06-05,Train
861,2013-06-06,Train
862,2013-06-07,Train
863,2013-06-10,Train
864,2013-06-11,Train
865,2013-06-12,Train
866,2013-06-13,Train
867,2013-06-14,Train
868,2013-06-17,Train
869,2013-06-18,Train
870,2013-06-19,Train
871,2013-06-20,Train
872,2013-06-21,Train
873,2013-06-24,Train
874,2013-06-25,Train
875,2013-06-26,Train
876,2013-06-27,Train
877,2013-06-28,Train
878,2013-07-01,Train
879,2013-07-02,Train
880,2013-07-03,Train
881,2013-07-05,Train
882,2013-07-08,Train
883,2013-07-09,Train
884,2013-07-10,Train
885,2013-07-11,Train
886,2013-07-12,Train
887,2013-07-15,Train
888,2013-07-16,Train
889,2013-07-17,Train
890,2013-07-18,Train
891,2013-07-19,Train
892,2013-07-22,Train
893,2013-07-23,Train
894,2013-07-24,Train
895,2013-07-25,Train
896,2013-07-26,Train
897,2013-07-29,Train
898,2013-07-30,Train
899,2013-07-31,Train
900,2013-08-01,Train
901,2013-08-02,Train
902,2013-08-05,Train
903,2013-08-06,Train
904,2013-08-07,Train
905,2013-08-08,Train
906,2013-08-09,Train
907,2013-08-12,Train
908,2013-08-13,Train
909,2013-08-14,Train
910,2013-08-15,Train
911,2013-08-16,Train
912,2013-08-19,Train
913,2013-08-20,Train
914,2013-08-21,Train
915,2013-08-22,Train
916,2013-08-23,Train
917,2013-08-26,Train
918,2013-08-27,Train
919,2013-08-28,Train
920,2013-08-29,Train
921,2013-08-30,Train
922,2013-09-03,Train
923,2013-09-04,Train
924,2013-09-05,Train
925,2013-09-06,Train
926,2013-09-09,Train
927,2013-09-10,Train
928,2013-09-11,Train
929,2013-09-12,Train
930,2013-09-13,Train
931,2013-09-16,Train
932,2013-09-17,Train
933,2013-09-18,Train
934,2013-09-19,Train
935,2013-09-20,Train
936,2013-09-23,Train
937,2013-09-24,Train
938,2013-09-25,Train
939,2013-09-26,Train
940,2013-09-27,Train
941,2013-09-30,Train
942,2013-10-01,Train
943,2013-10-02,Train
944,2013-10-03,Train
945,2013-10-04,Train
946,2013-10-07,Train
947,2013-10-08,Train
948,2013-10-09,Train
949,2013-10-10,Train
950,2013-10-11,Train
951,2013-10-14,Train
952,2013-10-15,Train
953,2013-10-16,Train
954,2013-10-17,Train
955,2013-10-18,Train
956,2013-10-21,Train
957,2013-10-22,Train
958,2013-10-23,Train
959,2013-10-24,Train
960,2013-10-25,Train
961,2013-10-28,Train
962,2013-10-29,Train
963,2013-10-30,Train
964,2013-10-31,Train
965,2013-11-01,Train
966,2013-11-04,Train
967,2013-11-05,Train
968,2013-11-06,Train
969,2013-11-07,Train
970,2013-11-08,Train
971,2013-11-11,Train
972,2013-11-12,Train
973,2013-11-13,Train
974,2013-11-14,Train
975,2013-11-15,Train
976,2013-11-18,Train
977,2013-11-19,Train
978,2013-11-20,Train
979,2013-11-21,Train
980,2013-11-22,Train
981,2013-11-25,Train
982,2013-11-26,Train
983,2013-11-27,Train
984,2013-11-29,Train
985,2013-12-02,Train
986,2013-12-03,Train
987,2013-12-04,Train
988,2013-12-05,Train
989,2013-12-06,Train
990,2013-12-09,Train
991,2013-12-10,Train
992,2013-12-11,Train
993,2013-12-12,Train
994,2013-12-13,Train
995,2013-12-16,Train
996,2013-12-17,Train
997,2013-12-18,Train
998,2013-12-19,Train
999,2013-12-20,Train
1000,2013-12-23,Train
1001,2013-12-24,Train
1002,2013-12-26,Train
1003,2013-12-27,Train
1004,2013-12-30,Train
1005,2013-12-31,Train
1006,2014-01-02,Train
1007,2014-01-03,Train
1008,2014-01-06,Train
1009,2014-01-07,Train
1010,2014-01-08,Train
1011,2014-01-09,Train
1012,2014-01-10,Train
1013,2014-01-13,Train
1014,2014-01-14,Train
1015,2014-01-15,Train
1016,2014-01-16,Train
1017,2014-01-17,Train
1018,2014-01-21,Train
1019,2014-01-22,Train
1020,2014-01-23,Train
1021,2014-01-24,Train
1022,2014-01-27,Train
1023,2014-01-28,Train
1024,2014-01-29,Train
1025,2014-01-30,Train
1026,2014-01-31,Train
1027,2014-02-03,Train
1028,2014-02-04,Train
1029,2014-02-05,Train
1030,2014-02-06,Train
1031,2014-02-07,Train
1032,2014-02-10,Train
1033,2014-02-11,Train
1034,2014-02-12,Train
1035,2014-02-13,Train
1036,2014-02-14,Train
1037,2014-02-18,Train
1038,2014-02-19,Train
1039,2014-02-20,Train
1040,2014-02-21,Train
1041,2014-02-24,Train
1042,2014-02-25,Train
1043,2014-02-26,Train
1044,2014-02-27,Train
1045,2014-02-28,Train
1046,2014-03-03,Train
1047,2014-03-04,Train
1048,2014-03-05,Train
1049,2014-03-06,Train
1050,2014-03-07,Train
1051,2014-03-10,Train
1052,2014-03-11,Train
1053,2014-03-12,Train
1054,2014-03-13,Train
1055,2014-03-14,Train
1056,2014-03-17,Train
1057,2014-03-18,Train
1058,2014-03-19,Train
1059,2014-03-20,Train
1060,2014-03-21,Train
1061,2014-03-24,Train
1062,2014-03-25,Train
1063,2014-03-26,Train
1064,2014-03-27,Train
1065,2014-03-28,Train
1066,2014-03-31,Train
1067,2014-04-01,Train
1068,2014-04-02,Train
1069,2014-04-03,Train
1070,2014-04-04,Train
1071,2014-04-07,Train
1072,2014-04-08,Train
1073,2014-04-09,Train
1074,2014-04-10,Train
1075,2014-04-11,Train
1076,2014-04-14,Train
1077,2014-04-15,Train
1078,2014-04-16,Train
1079,2014-04-17,Train
1080,2014-04-21,Train
1081,2014-04-22,Train
1082,2014-04-23,Train
1083,2014-04-24,Train
1084,2014-04-25,Train
1085,2014-04-28,Train
1086,2014-04-29,Train
1087,2014-04-30,Train
1088,2014-05-01,Train
1089,2014-05-02,Train
1090,2014-05-05,Train
1091,2014-05-06,Train
1092,2014-05-07,Train
1093,2014-05-08,Train
1094,2014-05-09,Train
1095,2014-05-12,Train
1096,2014-05-13,Train
1097,2014-05-14,Train
1098,2014-05-15,Train
1099,2014-05-16,Train
1100,2014-05-19,Train
1101,2014-05-20,Train
1102,2014-05-21,Train
1103,2014-05-22,Train
1104,2014-05-23,Train
1105,2014-05-27,Train
1106,2014-05-28,Train
1107,2014-05-29,Train
1108,2014-05-30,Train
1109,2014-06-02,Train
1110,2014-06-03,Train
1111,2014-06-04,Train
1112,2014-06-05,Train
1113,2014-06-06,Train
1114,2014-06-09,Train
1115,2014-06-10,Train
1116,2014-06-11,Train
1117,2014-06-12,Train
1118,2014-06-13,Train
1119,2014-06-16,Train
1120,2014-06-17,Train
1121,2014-06-18,Train
1122,2014-06-19,Train
1123,2014-06-20,Train
1124,2014-06-23,Train
1125,2014-06-24,Train
1126,2014-06-25,Train
1127,2014-06-26,Train
1128,2014-06-27,Train
1129,2014-06-30,Train
1130,2014-07-01,Train
1131,2014-07-02,Train
1132,2014-07-03,Train
1133,2014-07-07,Train
1134,2014-07-08,Train
1135,2014-07-09,Train
1136,2014-07-10,Train
1137,2014-07-11,Train
1138,2014-07-14,Train
1139,2014-07-15,Train
1140,2014-07-16,Train
1141,2014-07-17,Train
1142,2014-07-18,Train
1143,2014-07-21,Train
1144,2014-07-22,Train
1145,2014-07-23,Train
1146,2014-07-24,Train
1147,2014-07-25,Train
1148,2014-07-28,Train
1149,2014-07-29,Train
1150,2014-07-30,Train
1151,2014-07-31,Train
1152,2014-08-01,Train
1153,2014-08-04,Train
1154,2014-08-05,Train
1155,2014-08-06,Train
1156,2014-08-07,Train
1157,2014-08-08,Train
1158,2014-08-11,Train
1159,2014-08-12,Train
1160,2014-08-13,Train
1161,2014-08-14,Train
1162,2014-08-15,Train
1163,2014-08-18,Train
1164,2014-08-19,Train
1165,2014-08-20,Train
1166,2014-08-21,Train
1167,2014-08-22,Train
1168,2014-08-25,Train
1169,2014-08-26,Train
1170,2014-08-27,Train
1171,2014-08-28,Train
1172,2014-08-29,Train
1173,2014-09-02,Train
1174,2014-09-03,Train
1175,2014-09-04,Train
1176,2014-09-05,Train
1177,2014-09-08,Train
1178,2014-09-09,Train
1179,2014-09-10,Train
1180,2014-09-11,Train
1181,2014-09-12,Train
1182,2014-09-15,Train
1183,2014-09-16,Train
1184,2014-09-17,Train
1185,2014-09-18,Train
1186,2014-09-19,Train
1187,2014-09-22,Train
1188,2014-09-23,Train
1189,2014-09-24,Train
1190,2014-09-25,Train
1191,2014-09-26,Train
1192,2014-09-29,Train
1193,2014-09-30,Train
1194,2014-10-01,Train
1195,2014-10-02,Train
1196,2014-10-03,Train
1197,2014-10-06,Train
1198,2014-10-07,Train
1199,2014-10-08,Train
1200,2014-10-09,Train
1201,2014-10-10,Train
1202,2014-10-13,Train
1203,2014-10-14,Train
1204,2014-10-15,Train
1205,2014-10-16,Train
1206,2014-10-17,Train
1207,2014-10-20,Train
1208,2014-10-21,Train
1209,2014-10-22,Train
1210,2014-10-23,Train
1211,2014-10-24,Train
1212,2014-10-27,Train
1213,2014-10-28,Train
1214,2014-10-29,Train
1215,2014-10-30,Train
1216,2014-10-31,Train
1217,2014-11-03,Train
1218,2014-11-04,Train
1219,2014-11-05,Train
1220,2014-11-06,Train
1221,2014-11-07,Train
1222,2014-11-10,Train
1223,2014-11-11,Train
1224,2014-11-12,Train
1225,2014-11-13,Train
1226,2014-11-14,Train
1227,2014-11-17,Train
1228,2014-11-18,Train
1229,2014-11-19,Train
1230,2014-11-20,Train
1231,2014-11-21,Train
1232,2014-11-24,Train
1233,2014-11-25,Train
1234,2014-11-26,Train
1235,2014-11-28,Train
1236,2014-12-01,Train
1237,2014-12-02,Train
1238,2014-12-03,Train
1239,2014-12-04,Train
1240,2014-12-05,Train
1241,2014-12-08,Train
1242,2014-12-09,Train
1243,2014-12-10,Train
1244,2014-12-11,Train
1245,2014-12-12,Train
1246,2014-12-15,Train
1247,2014-12-16,Train
1248,2014-12-17,Train
1249,2014-12-18,Train
1250,2014-12-19,Train
1251,2014-12-22,Train
1252,2014-12-23,Train
1253,2014-12-24,Train
1254,2014-12-26,Train
1255,2014-12-29,Train
1256,2014-12-30,Train
1257,2014-12-31,Train
1258,2015-01-02,Train
1259,2015-01-05,Train
1260,2015-01-06,Train
1261,2015-01-07,Train
1262,2015-01-08,Train
1263,2015-01-09,Train
1264,2015-01-12,Train
1265,2015-01-13,Train
1266,2015-01-14,Train
1267,2015-01-15,Train
1268,2015-01-16,Train
1269,2015-01-20,Train
1270,2015-01-21,Train
1271,2015-01-22,Train
1272,2015-01-23,Train
1273,2015-01-26,Train
1274,2015-01-27,Train
1275,2015-01-28,Train
1276,2015-01-29,Train
1277,2015-01-30,Train
1278,2015-02-02,Train
1279,2015-02-03,Train
1280,2015-02-04,Train
1281,2015-02-05,Train
1282,2015-02-06,Train
1283,2015-02-09,Train
1284,2015-02-10,Train
1285,2015-02-11,Train
1286,2015-02-12,Train
1287,2015-02-13,Train
1288,2015-02-17,Train
1289,2015-02-18,Train
1290,2015-02-19,Train
1291,2015-02-20,Train
1292,2015-02-23,Train
1293,2015-02-24,Train
1294,2015-02-25,Train
1295,2015-02-26,Train
1296,2015-02-27,Train
1297,2015-03-02,Train
1298,2015-03-03,Train
1299,2015-03-04,Train
1300,2015-03-05,Train
1301,2015-03-06,Train
1302,2015-03-09,Train
1303,2015-03-10,Train
1304,2015-03-11,Train
1305,2015-03-12,Train
1306,2015-03-13,Train
1307,2015-03-16,Train
1308,2015-03-17,Train
1309,2015-03-18,Train
1310,2015-03-19,Train
1311,2015-03-20,Train
1312,2015-03-23,Train
1313,2015-03-24,Train
1314,2015-03-25,Train
1315,2015-03-26,Train
1316,2015-03-27,Train
1317,2015-03-30,Train
1318,2015-03-31,Train
1319,2015-04-01,Train
1320,2015-04-02,Train
1321,2015-04-06,Train
1322,2015-04-07,Train
1323,2015-04-08,Train
1324,2015-04-09,Train
1325,2015-04-10,Train
1326,2015-04-13,Train
1327,2015-04-14,Train
1328,2015-04-15,Train
1329,2015-04-16,Train
1330,2015-04-17,Train
1331,2015-04-20,Train
1332,2015-04-21,Train
1333,2015-04-22,Train
1334,2015-04-23,Train
1335,2015-04-24,Train
1336,2015-04-27,Train
1337,2015-04-28,Train
1338,2015-04-29,Train
1339,2015-04-30,Train
1340,2015-05-01,Train
1341,2015-05-04,Train
1342,2015-05-05,Train
1343,2015-05-06,Train
1344,2015-05-07,Train
1345,2015-05-08,Train
1346,2015-05-11,Train
1347,2015-05-12,Train
1348,2015-05-13,Train
1349,2015-05-14,Train
1350,2015-05-15,Train
1351,2015-05-18,Train
1352,2015-05-19,Train
1353,2015-05-20,Train
1354,2015-05-21,Train
1355,2015-05-22,Train
1356,2015-05-26,Train
1357,2015-05-27,Train
1358,2015-05-28,Train
1359,2015-05-29,Train
1360,2015-06-01,Train
1361,2015-06-02,Train
1362,2015-06-03,Train
1363,2015-06-04,Train
1364,2015-06-05,Train
1365,2015-06-08,Train
1366,2015-06-09,Train
1367,2015-06-10,Train
1368,2015-06-11,Train
1369,2015-06-12,Train
1370,2015-06-15,Train
1371,2015-06-16,Train
1372,2015-06-17,Train
1373,2015-06-18,Train
1374,2015-06-19,Train
1375,2015-06-22,Train
1376,2015-06-23,Train
1377,2015-06-24,Train
1378,2015-06-25,Train
1379,2015-06-26,Train
1380,2015-06-29,Train
1381,2015-06-30,Train
1382,2015-07-01,Train
1383,2015-07-02,Train
1384,2015-07-06,Train
1385,2015-07-07,Train
1386,2015-07-08,Train
1387,2015-07-09,Train
1388,2015-07-10,Train
1389,2015-07-13,Train
1390,2015-07-14,Train
1391,2015-07-15,Train
1392,2015-07-16,Train
1393,2015-07-17,Train
1394,2015-07-20,Train
1395,2015-07-21,Train
1396,2015-07-22,Train
1397,2015-07-23,Train
1398,2015-07-24,Train
1399,2015-07-27,Train
1400,2015-07-28,Train
1401,2015-07-29,Train
1402,2015-07-30,Train
1403,2015-07-31,Train
1404,2015-08-03,Train
1405,2015-08-04,Train
1406,2015-08-05,Train
1407,2015-08-06,Train
1408,2015-08-07,Train
1409,2015-08-10,Train
1410,2015-08-11,Train
1411,2015-08-12,Train
1412,2015-08-13,Train
1413,2015-08-14,Train
1414,2015-08-17,Train
1415,2015-08-18,Train
1416,2015-08-19,Train
1417,2015-08-20,Train
1418,2015-08-21,Train
1419,2015-08-24,Train
1420,2015-08-25,Train
1421,2015-08-26,Train
1422,2015-08-27,Train
1423,2015-08-28,Train
1424,2015-08-31,Train
1425,2015-09-01,Train
1426,2015-09-02,Train
1427,2015-09-03,Train
1428,2015-09-04,Train
1429,2015-09-08,Train
1430,2015-09-09,Train
1431,2015-09-10,Train
1432,2015-09-11,Train
1433,2015-09-14,Train
1434,2015-09-15,Train
1435,2015-09-16,Train
1436,2015-09-17,Train
1437,2015-09-18,Train
1438,2015-09-21,Train
1439,2015-09-22,Train
1440,2015-09-23,Train
1441,2015-09-24,Train
1442,2015-09-25,Train
1443,2015-09-28,Train
1444,2015-09-29,Train
1445,2015-09-30,Train
1446,2015-10-01,Train
1447,2015-10-02,Train
1448,2015-10-05,Train
1449,2015-10-06,Train
1450,2015-10-07,Train
1451,2015-10-08,Train
1452,2015-10-09,Train
1453,2015-10-12,Train
1454,2015-10-13,Train
1455,2015-10-14,Train
1456,2015-10-15,Train
1457,2015-10-16,Train
1458,2015-10-19,Train
1459,2015-10-20,Train
1460,2015-10-21,Train
1461,2015-10-22,Train
1462,2015-10-23,Train
1463,2015-10-26,Train
1464,2015-10-27,Train
1465,2015-10-28,Train
1466,2015-10-29,Train
1467,2015-10-30,Train
1468,2015-11-02,Train
1469,2015-11-03,Train
1470,2015-11-04,Train
1471,2015-11-05,Train
1472,2015-11-06,Train
1473,2015-11-09,Train
1474,2015-11-10,Train
1475,2015-11-11,Train
1476,2015-11-12,Train
1477,2015-11-13,Train
1478,2015-11-16,Train
1479,2015-11-17,Train
1480,2015-11-18,Train
1481,2015-11-19,Train
1482,2015-11-20,Train
1483,2015-11-23,Train
1484,2015-11-24,Train
1485,2015-11-25,Train
1486,2015-11-27,Train
1487,2015-11-30,Train
1488,2015-12-01,Train
1489,2015-12-02,Train
1490,2015-12-03,Train
1491,2015-12-04,Train
1492,2015-12-07,Train
1493,2015-12-08,Train
1494,2015-12-09,Train
1495,2015-12-10,Train
1496,2015-12-11,Train
1497,2015-12-14,Train
1498,2015-12-15,Train
1499,2015-12-16,Train
1500,2015-12-17,Train
1501,2015-12-18,Train
1502,2015-12-21,Train
1503,2015-12-22,Train
1504,2015-12-23,Train
1505,2015-12-24,Train
1506,2015-12-28,Train
1507,2015-12-29,Train
1508,2015-12-30,Train
1509,2015-12-31,Train
1510,2016-01-04,Train
1511,2016-01-05,Train
1512,2016-01-06,Train
1513,2016-01-07,Train
1514,2016-01-08,Train
1515,2016-01-11,Train
1516,2016-01-12,Train
1517,2016-01-13,Train
1518,2016-01-14,Train
1519,2016-01-15,Train
1520,2016-01-19,Train
1521,2016-01-20,Train
1522,2016-01-21,Train
1523,2016-01-22,Train
1524,2016-01-25,Train
1525,2016-01-26,Train
1526,2016-01-27,Train
1527,2016-01-28,Train
1528,2016-01-29,Train
1529,2016-02-01,Train
1530,2016-02-02,Train
1531,2016-02-03,Train
1532,2016-02-04,Train
1533,2016-02-05,Train
1534,2016-02-08,Train
1535,2016-02-09,Train
1536,2016-02-10,Train
1537,2016-02-11,Train
1538,2016-02-12,Train
1539,2016-02-16,Train
1540,2016-02-17,Train
1541,2016-02-18,Train
1542,2016-02-19,Train
1543,2016-02-22,Train
1544,2016-02-23,Train
1545,2016-02-24,Train
1546,2016-02-25,Train
1547,2016-02-26,Train
1548,2016-02-29,Train
1549,2016-03-01,Train
1550,2016-03-02,Train
1551,2016-03-03,Train
1552,2016-03-04,Train
1553,2016-03-07,Train
1554,2016-03-08,Train
1555,2016-03-09,Train
1556,2016-03-10,Train
1557,2016-03-11,Train
1558,2016-03-14,Train
1559,2016-03-15,Train
1560,2016-03-16,Train
1561,2016-03-17,Train
1562,2016-03-18,Train
1563,2016-03-21,Train
1564,2016-03-22,Train
1565,2016-03-23,Train
1566,2016-03-24,Train
1567,2016-03-28,Train
1568,2016-03-29,Train
1569,2016-03-30,Train
1570,2016-03-31,Train
1571,2016-04-01,Train
1572,2016-04-04,Train
1573,2016-04-05,Train
1574,2016-04-06,Train
1575,2016-04-07,Train
1576,2016-04-08,Train
1577,2016-04-11,Train
1578,2016-04-12,Train
1579,2016-04-13,Train
1580,2016-04-14,Train
1581,2016-04-15,Train
1582,2016-04-18,Train
1583,2016-04-19,Train
1584,2016-04-20,Train
1585,2016-04-21,Train
1586,2016-04-22,Train
1587,2016-04-25,Train
1588,2016-04-26,Train
1589,2016-04-27,Train
1590,2016-04-28,Train
1591,2016-04-29,Train
1592,2016-05-02,Train
1593,2016-05-03,Train
1594,2016-05-04,Train
1595,2016-05-05,Train
1596,2016-05-06,Train
1597,2016-05-09,Train
1598,2016-05-10,Train
1599,2016-05-11,Train
1600,2016-05-12,Train
1601,2016-05-13,Train
1602,2016-05-16,Train
1603,2016-05-17,Train
1604,2016-05-18,Train
1605,2016-05-19,Train
1606,2016-05-20,Train
1607,2016-05-23,Train
1608,2016-05-24,Train
1609,2016-05-25,Train
1610,2016-05-26,Train
1611,2016-05-27,Train
1612,2016-05-31,Train
1613,2016-06-01,Train
1614,2016-06-02,Train
1615,2016-06-03,Train
1616,2016-06-06,Train
1617,2016-06-07,Train
1618,2016-06-08,Train
1619,2016-06-09,Train
1620,2016-06-10,Train
1621,2016-06-13,Train
1622,2016-06-14,Train
1623,2016-06-15,Train
1624,2016-06-16,Train
1625,2016-06-17,Train
1626,2016-06-20,Train
1627,2016-06-21,Train
1628,2016-06-22,Train
1629,2016-06-23,Train
1630,2016-06-24,Train
1631,2016-06-27,Train
1632,2016-06-28,Train
1633,2016-06-29,Train
1634,2016-06-30,Train
1635,2016-07-01,Train
1636,2016-07-05,Train
1637,2016-07-06,Train
1638,2016-07-07,Train
1639,2016-07-08,Train
1640,2016-07-11,Train
1641,2016-07-12,Train
1642,2016-07-13,Train
1643,2016-07-14,Train
1644,2016-07-15,Train
1645,2016-07-18,Train
1646,2016-07-19,Train
1647,2016-07-20,Train
1648,2016-07-21,Train
1649,2016-07-22,Train
1650,2016-07-25,Train
1651,2016-07-26,Train
1652,2016-07-27,Train
1653,2016-07-28,Train
1654,2016-07-29,Train
1655,2016-08-01,Train
1656,2016-08-02,Train
1657,2016-08-03,Train
1658,2016-08-04,Train
1659,2016-08-05,Train
1660,2016-08-08,Train
1661,2016-08-09,Train
1662,2016-08-10,Train
1663,2016-08-11,Train
1664,2016-08-12,Train
1665,2016-08-15,Train
1666,2016-08-16,Train
1667,2016-08-17,Train
1668,2016-08-18,Train
1669,2016-08-19,Train
1670,2016-08-22,Train
1671,2016-08-23,Train
1672,2016-08-24,Train
1673,2016-08-25,Train
1674,2016-08-26,Train
1675,2016-08-29,Train
1676,2016-08-30,Train
1677,2016-08-31,Train
1678,2016-09-01,Train
1679,2016-09-02,Train
1680,2016-09-06,Train
1681,2016-09-07,Train
1682,2016-09-08,Train
1683,2016-09-09,Train
1684,2016-09-12,Train
1685,2016-09-13,Train
1686,2016-09-14,Train
1687,2016-09-15,Train
1688,2016-09-16,Train
1689,2016-09-19,Train
1690,2016-09-20,Train
1691,2016-09-21,Train
1692,2016-09-22,Train
1693,2016-09-23,Train
1694,2016-09-26,Train
1695,2016-09-27,Train
1696,2016-09-28,Train
1697,2016-09-29,Train
1698,2016-09-30,Train
1699,2016-10-03,Train
1700,2016-10-04,Train
1701,2016-10-05,Train
1702,2016-10-06,Train
1703,2016-10-07,Train
1704,2016-10-10,Train
1705,2016-10-11,Train
1706,2016-10-12,Train
1707,2016-10-13,Train
1708,2016-10-14,Train
1709,2016-10-17,Train
1710,2016-10-18,Train
1711,2016-10-19,Train
1712,2016-10-20,Train
1713,2016-10-21,Train
1714,2016-10-24,Train
1715,2016-10-25,Train
1716,2016-10-26,Train
1717,2016-10-27,Train
1718,2016-10-28,Train
1719,2016-10-31,Train
1720,2016-11-01,Train
1721,2016-11-02,Train
1722,2016-11-03,Train
1723,2016-11-04,Train
1724,2016-11-07,Train
1725,2016-11-08,Train
1726,2016-11-09,Train
1727,2016-11-10,Train
1728,2016-11-11,Train
1729,2016-11-14,Train
1730,2016-11-15,Train
1731,2016-11-16,Train
1732,2016-11-17,Train
1733,2016-11-18,Train
1734,2016-11-21,Train
1735,2016-11-22,Train
1736,2016-11-23,Train
1737,2016-11-25,Train
1738,2016-11-28,Train
1739,2016-11-29,Train
1740,2016-11-30,Train
1741,2016-12-01,Train
1742,2016-12-02,Train
1743,2016-12-05,Train
1744,2016-12-06,Train
1745,2016-12-07,Train
1746,2016-12-08,Train
1747,2016-12-09,Train
1748,2016-12-12,Train
1749,2016-12-13,Train
1750,2016-12-14,Train
1751,2016-12-15,Train
1752,2016-12-16,Train
1753,2016-12-19,Train
1754,2016-12-20,Train
1755,2016-12-21,Train
1756,2016-12-22,Train
1757,2016-12-23,Train
1758,2016-12-27,Train
1759,2016-12-28,Train
1760,2016-12-29,Train
1761,2016-12-30,Train
1762,2017-01-03,Train
1763,2017-01-04,Train
1764,2017-01-05,Train
1765,2017-01-06,Train
1766,2017-01-09,Train
1767,2017-01-10,Train
1768,2017-01-11,Train
1769,2017-01-12,Train
1770,2017-01-13,Train
1771,2017-01-17,Train
1772,2017-01-18,Train
1773,2017-01-19,Train
1774,2017-01-20,Train
1775,2017-01-23,Train
1776,2017-01-24,Train
1777,2017-01-25,Train
1778,2017-01-26,Train
1779,2017-01-27,Train
1780,2017-01-30,Train
1781,2017-01-31,Train
1782,2017-02-01,Train
1783,2017-02-02,Train
1784,2017-02-03,Train
1785,2017-02-06,Train
1786,2017-02-07,Train
1787,2017-02-08,Train
1788,2017-02-09,Train
1789,2017-02-10,Train
1790,2017-02-13,Train
1791,2017-02-14,Train
1792,2017-02-15,Train
1793,2017-02-16,Train
1794,2017-02-17,Train
1795,2017-02-21,Train
1796,2017-02-22,Train
1797,2017-02-23,Train
1798,2017-02-24,Train
1799,2017-02-27,Train
1800,2017-02-28,Train
1801,2017-03-01,Train
1802,2017-03-02,Train
1803,2017-03-03,Train
1804,2017-03-06,Train
1805,2017-03-07,Train
1806,2017-03-08,Train
1807,2017-03-09,Train
1808,2017-03-10,Train
1809,2017-03-13,Train
1810,2017-03-14,Train
1811,2017-03-15,Train
1812,2017-03-16,Train
1813,2017-03-17,Train
1814,2017-03-20,Train
1815,2017-03-21,Train
1816,2017-03-22,Train
1817,2017-03-23,Train
1818,2017-03-24,Train
1819,2017-03-27,Train
1820,2017-03-28,Train
1821,2017-03-29,Train
1822,2017-03-30,Train
1823,2017-03-31,Train
1824,2017-04-03,Train
1825,2017-04-04,Train
1826,2017-04-05,Train
1827,2017-04-06,Train
1828,2017-04-07,Train
1829,2017-04-10,Train
1830,2017-04-11,Train
1831,2017-04-12,Train
1832,2017-04-13,Train
1833,2017-04-17,Train
1834,2017-04-18,Train
1835,2017-04-19,Train
1836,2017-04-20,Train
1837,2017-04-21,Train
1838,2017-04-24,Train
1839,2017-04-25,Train
1840,2017-04-26,Train
1841,2017-04-27,Train
1842,2017-04-28,Train
1843,2017-05-01,Train
1844,2017-05-02,Train
1845,2017-05-03,Train
1846,2017-05-04,Train
1847,2017-05-05,Train
1848,2017-05-08,Train
1849,2017-05-09,Train
1850,2017-05-10,Train
1851,2017-05-11,Train
1852,2017-05-12,Train
1853,2017-05-15,Train
1854,2017-05-16,Train
1855,2017-05-17,Train
1856,2017-05-18,Train
1857,2017-05-19,Train
1858,2017-05-22,Train
1859,2017-05-23,Train
1860,2017-05-24,Train
1861,2017-05-25,Train
1862,2017-05-26,Train
1863,2017-05-30,Train
1864,2017-05-31,Train
1865,2017-06-01,Train
1866,2017-06-02,Train
1867,2017-06-05,Train
1868,2017-06-06,Train
1869,2017-06-07,Train
1870,2017-06-08,Train
1871,2017-06-09,Train
1872,2017-06-12,Train
1873,2017-06-13,Train
1874,2017-06-14,Train
1875,2017-06-15,Train
1876,2017-06-16,Train
1877,2017-06-19,Train
1878,2017-06-20,Train
1879,2017-06-21,Train
1880,2017-06-22,Train
1881,2017-06-23,Train
1882,2017-06-26,Train
1883,2017-06-27,Train
1884,2017-06-28,Train
1885,2017-06-29,Train
1886,2017-06-30,Train
1887,2017-07-03,Train
1888,2017-07-05,Train
1889,2017-07-06,Train
1890,2017-07-07,Train
1891,2017-07-10,Train
1892,2017-07-11,Train
1893,2017-07-12,Train
1894,2017-07-13,Train
1895,2017-07-14,Train
1896,2017-07-17,Train
1897,2017-07-18,Train
1898,2017-07-19,Train
1899,2017-07-20,Train
1900,2017-07-21,Train
1901,2017-07-24,Train
1902,2017-07-25,Train
1903,2017-07-26,Train
1904,2017-07-27,Train
1905,2017-07-28,Train
1906,2017-07-31,Train
1907,2017-08-01,Train
1908,2017-08-02,Train
1909,2017-08-03,Train
1910,2017-08-04,Train
1911,2017-08-07,Train
1912,2017-08-08,Train
1913,2017-08-09,Train
1914,2017-08-10,Train
1915,2017-08-11,Train
1916,2017-08-14,Train
1917,2017-08-15,Train
1918,2017-08-16,Train
1919,2017-08-17,Train
1920,2017-08-18,Train
1921,2017-08-21,Train
1922,2017-08-22,Train
1923,2017-08-23,Train
1924,2017-08-24,Train
1925,2017-08-25,Train
1926,2017-08-28,Train
1927,2017-08-29,Train
1928,2017-08-30,Train
1929,2017-08-31,Train
1930,2017-09-01,Train
1931,2017-09-05,Train
1932,2017-09-06,Train
1933,2017-09-07,Train
1934,2017-09-08,Train
1935,2017-09-11,Train
1936,2017-09-12,Train
1937,2017-09-13,Train
1938,2017-09-14,Train
1939,2017-09-15,Train
1940,2017-09-18,Train
1941,2017-09-19,Train
1942,2017-09-20,Train
1943,2017-09-21,Train
1944,2017-09-22,Train
1945,2017-09-25,Train
1946,2017-09-26,Train
1947,2017-09-27,Train
1948,2017-09-28,Train
1949,2017-09-29,Train
1950,2017-10-02,Train
1951,2017-10-03,Train
1952,2017-10-04,Train
1953,2017-10-05,Train
1954,2017-10-06,Train
1955,2017-10-09,Train
1956,2017-10-10,Train
1957,2017-10-11,Train
1958,2017-10-12,Train
1959,2017-10-13,Train
1960,2017-10-16,Train
1961,2017-10-17,Train
1962,2017-10-18,Train
1963,2017-10-19,Train
1964,2017-10-20,Train
1965,2017-10-23,Train
1966,2017-10-24,Train
1967,2017-10-25,Train
1968,2017-10-26,Train
1969,2017-10-27,Train
1970,2017-10-30,Train
1971,2017-10-31,Train
1972,2017-11-01,Train
1973,2017-11-02,Train
1974,2017-11-03,Train
1975,2017-11-06,Train
1976,2017-11-07,Train
1977,2017-11-08,Train
1978,2017-11-09,Train
1979,2017-11-10,Train
1980,2017-11-13,Train
1981,2017-11-14,Train
1982,2017-11-15,Train
1983,2017-11-16,Train
1984,2017-11-17,Train
1985,2017-11-20,Train
1986,2017-11-21,Train
1987,2017-11-22,Train
1988,2017-11-24,Train
1989,2017-11-27,Train
1990,2017-11-28,Train
1991,2017-11-29,Train
1992,2017-11-30,Train
1993,2017-12-01,Train
1994,2017-12-04,Train
1995,2017-12-05,Train
1996,2017-12-06,Train
1997,2017-12-07,Train
1998,2017-12-08,Train
1999,2017-12-11,Train
2000,2017-12-12,Train
2001,2017-12-13,Train
2002,2017-12-14,Train
2003,2017-12-15,Train
2004,2017-12-18,Train
2005,2017-12-19,Train
2006,2017-12-20,Train
2007,2017-12-21,Train
2008,2017-12-22,Train
2009,2017-12-26,Train
2010,2017-12-27,Train
2011,2017-12-28,Train
2012,2017-12-29,Train
2013,2018-01-02,Train
2014,2018-01-03,Train
2015,2018-01-04,Train
2016,2018-01-05,Train
2017,2018-01-08,Train
2018,2018-01-09,Train
2019,2018-01-10,Train
2020,2018-01-11,Train
2021,2018-01-12,Train
2022,2018-01-16,Train
2023,2018-01-17,Train
2024,2018-01-18,Train
2025,2018-01-19,Train
2026,2018-01-22,Train
2027,2018-01-23,Train
2028,2018-01-24,Train
2029,2018-01-25,Train
2030,2018-01-26,Train
2031,2018-01-29,Train
2032,2018-01-30,Train
2033,2018-01-31,Train
2034,2018-02-01,Train
2035,2018-02-02,Train
2036,2018-02-05,Train
2037,2018-02-06,Train
2038,2018-02-07,Train
2039,2018-02-08,Train
2040,2018-02-09,Train
2041,2018-02-12,Train
2042,2018-02-13,Train
2043,2018-02-14,Train
2044,2018-02-15,Train
2045,2018-02-16,Train
2046,2018-02-20,Train
2047,2018-02-21,Train
2048,2018-02-22,Train
2049,2018-02-23,Train
2050,2018-02-26,Train
2051,2018-02-27,Train
2052,2018-02-28,Train
2053,2018-03-01,Train
2054,2018-03-02,Train
2055,2018-03-05,Train
2056,2018-03-06,Train
2057,2018-03-07,Train
2058,2018-03-08,Train
2059,2018-03-09,Train
2060,2018-03-12,Train
2061,2018-03-13,Train
2062,2018-03-14,Train
2063,2018-03-15,Train
2064,2018-03-16,Train
2065,2018-03-19,Train
2066,2018-03-20,Train
2067,2018-03-21,Train
2068,2018-03-22,Train
2069,2018-03-23,Train
2070,2018-03-26,Train
2071,2018-03-27,Train
2072,2018-03-28,Train
2073,2018-03-29,Train
2074,2018-04-02,Train
2075,2018-04-03,Train
2076,2018-04-04,Train
2077,2018-04-05,Train
2078,2018-04-06,Train
2079,2018-04-09,Train
2080,2018-04-10,Train
2081,2018-04-11,Train
2082,2018-04-12,Train
2083,2018-04-13,Train
2084,2018-04-16,Train
2085,2018-04-17,Train
2086,2018-04-18,Train
2087,2018-04-19,Train
2088,2018-04-20,Train
2089,2018-04-23,Train
2090,2018-04-24,Train
2091,2018-04-25,Train
2092,2018-04-26,Train
2093,2018-04-27,Train
2094,2018-04-30,Train
2095,2018-05-01,Train
2096,2018-05-02,Train
2097,2018-05-03,Train
2098,2018-05-04,Train
2099,2018-05-07,Train
2100,2018-05-08,Train
2101,2018-05-09,Train
2102,2018-05-10,Train
2103,2018-05-11,Train
2104,2018-05-14,Train
2105,2018-05-15,Train
2106,2018-05-16,Train
2107,2018-05-17,Train
2108,2018-05-18,Train
2109,2018-05-21,Train
2110,2018-05-22,Train
2111,2018-05-23,Train
2112,2018-05-24,Train
2113,2018-05-25,Train
2114,2018-05-29,Train
2115,2018-05-30,Train
2116,2018-05-31,Train
2117,2018-06-01,Train
2118,2018-06-04,Train
2119,2018-06-05,Train
2120,2018-06-06,Train
2121,2018-06-07,Train
2122,2018-06-08,Train
2123,2018-06-11,Train
2124,2018-06-12,Train
2125,2018-06-13,Train
2126,2018-06-14,Train
2127,2018-06-15,Train
2128,2018-06-18,Train
2129,2018-06-19,Train
2130,2018-06-20,Train
2131,2018-06-21,Train
2132,2018-06-22,Train
2133,2018-06-25,Train
2134,2018-06-26,Train
2135,2018-06-27,Train
2136,2018-06-28,Train
2137,2018-06-29,Train
2138,2018-07-02,Train
2139,2018-07-03,Train
2140,2018-07-05,Train
2141,2018-07-06,Train
2142,2018-07-09,Train
2143,2018-07-10,Train
2144,2018-07-11,Train
2145,2018-07-12,Train
2146,2018-07-13,Train
2147,2018-07-16,Train
2148,2018-07-17,Train
2149,2018-07-18,Train
2150,2018-07-19,Train
2151,2018-07-20,Train
2152,2018-07-23,Train
2153,2018-07-24,Train
2154,2018-07-25,Train
2155,2018-07-26,Train
2156,2018-07-27,Train
2157,2018-07-30,Train
2158,2018-07-31,Train
2159,2018-08-01,Train
2160,2018-08-02,Train
2161,2018-08-03,Train
2162,2018-08-06,Train
2163,2018-08-07,Train
2164,2018-08-08,Train
2165,2018-08-09,Train
2166,2018-08-10,Train
2167,2018-08-13,Train
2168,2018-08-14,Train
2169,2018-08-15,Train
2170,2018-08-16,Train
2171,2018-08-17,Train
2172,2018-08-20,Train
2173,2018-08-21,Train
2174,2018-08-22,Train
2175,2018-08-23,Train
2176,2018-08-24,Train
2177,2018-08-27,Train
2178,2018-08-28,Train
2179,2018-08-29,Train
2180,2018-08-30,Train
2181,2018-08-31,Train
2182,2018-09-04,Train
2183,2018-09-05,Train
2184,2018-09-06,Train
2185,2018-09-07,Train
2186,2018-09-10,Train
2187,2018-09-11,Train
2188,2018-09-12,Train
2189,2018-09-13,Train
2190,2018-09-14,Train
2191,2018-09-17,Train
2192,2018-09-18,Train
2193,2018-09-19,Train
2194,2018-09-20,Train
2195,2018-09-21,Train
2196,2018-09-24,Train
2197,2018-09-25,Train
2198,2018-09-26,Train
2199,2018-09-27,Train
2200,2018-09-28,Train
2201,2018-10-01,Train
2202,2018-10-02,Train
2203,2018-10-03,Train
2204,2018-10-04,Train
2205,2018-10-05,Train
2206,2018-10-08,Train
2207,2018-10-09,Train
2208,2018-10-10,Train
2209,2018-10-11,Train
2210,2018-10-12,Train
2211,2018-10-15,Train
2212,2018-10-16,Train
2213,2018-10-17,Train
2214,2018-10-18,Train
2215,2018-10-19,Train
2216,2018-10-22,Train
2217,2018-10-23,Train
2218,2018-10-24,Train
2219,2018-10-25,Train
2220,2018-10-26,Train
2221,2018-10-29,Train
2222,2018-10-30,Train
2223,2018-10-31,Train
2224,2018-11-01,Train
2225,2018-11-02,Train
2226,2018-11-05,Train
2227,2018-11-06,Train
2228,2018-11-07,Train
2229,2018-11-08,Train
2230,2018-11-09,Train
2231,2018-11-12,Train
2232,2018-11-13,Train
2233,2018-11-14,Train
2234,2018-11-15,Train
2235,2018-11-16,Train
2236,2018-11-19,Train
2237,2018-11-20,Train
2238,2018-11-21,Train
2239,2018-11-23,Train
2240,2018-11-26,Train
2241,2018-11-27,Train
2242,2018-11-28,Train
2243,2018-11-29,Train
2244,2018-11-30,Train
2245,2018-12-03,Train
2246,2018-12-04,Train
2247,2018-12-06,Train
2248,2018-12-07,Train
2249,2018-12-10,Train
2250,2018-12-11,Train
2251,2018-12-12,Train
2252,2018-12-13,Train
2253,2018-12-14,Train
2254,2018-12-17,Train
2255,2018-12-18,Train
2256,2018-12-19,Train
2257,2018-12-20,Train
2258,2018-12-21,Train
2259,2018-12-24,Train
2260,2018-12-26,Train
2261,2018-12-27,Train
2262,2018-12-28,Train
2263,2018-12-31,Train
2264,2019-01-02,Train
2265,2019-01-03,Train
2266,2019-01-04,Train
2267,2019-01-07,Train
2268,2019-01-08,Train
2269,2019-01-09,Train
2270,2019-01-10,Train
2271,2019-01-11,Train
2272,2019-01-14,Train
2273,2019-01-15,Train
2274,2019-01-16,Train
2275,2019-01-17,Train
2276,2019-01-18,Train
2277,2019-01-22,Train
2278,2019-01-23,Train
2279,2019-01-24,Train
2280,2019-01-25,Train
2281,2019-01-28,Train
2282,2019-01-29,Train
2283,2019-01-30,Train
2284,2019-01-31,Train
2285,2019-02-01,Train
2286,2019-02-04,Train
2287,2019-02-05,Train
2288,2019-02-06,Train
2289,2019-02-07,Train
2290,2019-02-08,Train
2291,2019-02-11,Train
2292,2019-02-12,Train
2293,2019-02-13,Train
2294,2019-02-14,Train
2295,2019-02-15,Train
2296,2019-02-19,Train
2297,2019-02-20,Train
2298,2019-02-21,Train
2299,2019-02-22,Train
2300,2019-02-25,Train
2301,2019-02-26,Train
2302,2019-02-27,Train
2303,2019-02-28,Train
2304,2019-03-01,Train
2305,2019-03-04,Train
2306,2019-03-05,Train
2307,2019-03-06,Train
2308,2019-03-07,Train
2309,2019-03-08,Train
2310,2019-03-11,Train
2311,2019-03-12,Train
2312,2019-03-13,Train
2313,2019-03-14,Train
2314,2019-03-15,Train
2315,2019-03-18,Train
2316,2019-03-19,Train
2317,2019-03-20,Train
2318,2019-03-21,Train
2319,2019-03-22,Train
2320,2019-03-25,Train
2321,2019-03-26,Train
2322,2019-03-27,Train
2323,2019-03-28,Train
2324,2019-03-29,Train
2325,2019-04-01,Train
2326,2019-04-02,Train
2327,2019-04-03,Train
2328,2019-04-04,Train
2329,2019-04-05,Train
2330,2019-04-08,Train
2331,2019-04-09,Train
2332,2019-04-10,Train
2333,2019-04-11,Train
2334,2019-04-12,Train
2335,2019-04-15,Train
2336,2019-04-16,Train
2337,2019-04-17,Train
2338,2019-04-18,Train
2339,2019-04-22,Train
2340,2019-04-23,Train
2341,2019-04-24,Train
2342,2019-04-25,Train
2343,2019-04-26,Train
2344,2019-04-29,Train
2345,2019-04-30,Train
2346,2019-05-01,Train
2347,2019-05-02,Train
2348,2019-05-03,Train
2349,2019-05-06,Train
2350,2019-05-07,Train
2351,2019-05-08,Train
2352,2019-05-09,Train
2353,2019-05-10,Train
2354,2019-05-13,Train
2355,2019-05-14,Train
2356,2019-05-15,Train
2357,2019-05-16,Train
2358,2019-05-17,Train
2359,2019-05-20,Train
2360,2019-05-21,Train
2361,2019-05-22,Train
2362,2019-05-23,Train
2363,2019-05-24,Train
2364,2019-05-28,Train
2365,2019-05-29,Train
2366,2019-05-30,Train
2367,2019-05-31,Train
2368,2019-06-03,Train
2369,2019-06-04,Train
2370,2019-06-05,Train
2371,2019-06-06,Train
2372,2019-06-07,Train
2373,2019-06-10,Train
2374,2019-06-11,Train
2375,2019-06-12,Train
2376,2019-06-13,Train
2377,2019-06-14,Train
2378,2019-06-17,Train
2379,2019-06-18,Train
2380,2019-06-19,Train
2381,2019-06-20,Train
2382,2019-06-21,Train
2383,2019-06-24,Train
2384,2019-06-25,Train
2385,2019-06-26,Train
2386,2019-06-27,Train
2387,2019-06-28,Train
2388,2019-07-01,Train
2389,2019-07-02,Train
2390,2019-07-03,Train
2391,2019-07-05,Train
2392,2019-07-08,Train
2393,2019-07-09,Train
2394,2019-07-10,Train
2395,2019-07-11,Train
2396,2019-07-12,Train
2397,2019-07-15,Train
2398,2019-07-16,Train
2399,2019-07-17,Train
2400,2019-07-18,Train
2401,2019-07-19,Train
2402,2019-07-22,Train
2403,2019-07-23,Train
2404,2019-07-24,Train
2405,2019-07-25,Train
2406,2019-07-26,Train
2407,2019-07-29,Train
2408,2019-07-30,Train
2409,2019-07-31,Train
2410,2019-08-01,Train
2411,2019-08-02,Train
2412,2019-08-05,Train
2413,2019-08-06,Train
2414,2019-08-07,Train
2415,2019-08-08,Train
2416,2019-08-09,Train
2417,2019-08-12,Train
2418,2019-08-13,Train
2419,2019-08-14,Train
2420,2019-08-15,Train
2421,2019-08-16,Train
2422,2019-08-19,Train
2423,2019-08-20,Train
2424,2019-08-21,Train
2425,2019-08-22,Train
2426,2019-08-23,Train
2427,2019-08-26,Train
2428,2019-08-27,Train
2429,2019-08-28,Train
2430,2019-08-29,Train
2431,2019-08-30,Train
2432,2019-09-03,Train
2433,2019-09-04,Train
2434,2019-09-05,Train
2435,2019-09-06,Train
2436,2019-09-09,Train
2437,2019-09-10,Train
2438,2019-09-11,Train
2439,2019-09-12,Train
2440,2019-09-13,Train
2441,2019-09-16,Train
2442,2019-09-17,Train
2443,2019-09-18,Train
2444,2019-09-19,Train
2445,2019-09-20,Train
2446,2019-09-23,Train
2447,2019-09-24,Train
2448,2019-09-25,Train
2449,2019-09-26,Train
2450,2019-09-27,Train
2451,2019-09-30,Train
2452,2019-10-01,Train
2453,2019-10-02,Train
2454,2019-10-03,Train
2455,2019-10-04,Train
2456,2019-10-07,Train
2457,2019-10-08,Train
2458,2019-10-09,Train
2459,2019-10-10,Train
2460,2019-10-11,Train
2461,2019-10-14,Train
2462,2019-10-15,Train
2463,2019-10-16,Train
2464,2019-10-17,Train
2465,2019-10-18,Train
2466,2019-10-21,Train
2467,2019-10-22,Train
2468,2019-10-23,Train
2469,2019-10-24,Train
2470,2019-10-25,Train
2471,2019-10-28,Train
2472,2019-10-29,Train
2473,2019-10-30,Train
2474,2019-10-31,Train
2475,2019-11-01,Train
2476,2019-11-04,Train
2477,2019-11-05,Train
2478,2019-11-06,Train
2479,2019-11-07,Train
2480,2019-11-08,Train
2481,2019-11-11,Train
2482,2019-11-12,Train
2483,2019-11-13,Train
2484,2019-11-14,Train
2485,2019-11-15,Train
2486,2019-11-18,Train
2487,2019-11-19,Train
2488,2019-11-20,Train
2489,2019-11-21,Train
2490,2019-11-22,Train
2491,2019-11-25,Train
2492,2019-11-26,Train
2493,2019-11-27,Train
2494,2019-11-29,Train
2495,2019-12-02,Train
2496,2019-12-03,Train
2497,2019-12-04,Train
2498,2019-12-05,Train
2499,2019-12-06,Train
2500,2019-12-09,Train
2501,2019-12-10,Train
2502,2019-12-11,Train
2503,2019-12-12,Train
2504,2019-12-13,Train
2505,2019-12-16,Train
2506,2019-12-17,Train
2507,2019-12-18,Train
2508,2019-12-19,Train
2509,2019-12-20,Train
2510,2019-12-23,Train
2511,2019-12-24,Train
2512,2019-12-26,Train
2513,2019-12-27,Train
2514,2019-12-30,Train
2515,2019-12-31,Train
2516,2020-01-02,Train
2517,2020-01-03,Train
2518,2020-01-06,Train
2519,2020-01-07,Train
2520,2020-01-08,Train
2521,2020-01-09,Train
2522,2020-01-10,Train
2523,2020-01-13,Train
2524,2020-01-14,Train
2525,2020-01-15,Train
2526,2020-01-16,Train
2527,2020-01-17,Train
2528,2020-01-21,Train
2529,2020-01-22,Train
2530,2020-01-23,Train
2531,2020-01-24,Train
2532,2020-01-27,Train
2533,2020-01-28,Train
2534,2020-01-29,Train
2535,2020-01-30,Train
2536,2020-01-31,Train
2537,2020-02-03,Train
2538,2020-02-04,Train
2539,2020-02-05,Train
2540,2020-02-06,Train
2541,2020-02-07,Train
2542,2020-02-10,Train
2543,2020-02-11,Train
2544,2020-02-12,Train
2545,2020-02-13,Train
2546,2020-02-14,Train
2547,2020-02-18,Train
2548,2020-02-19,Train
2549,2020-02-20,Train
2550,2020-02-21,Train
2551,2020-02-24,Train
2552,2020-02-25,Train
2553,2020-02-26,Train
2554,2020-02-27,Train
2555,2020-02-28,Train
2556,2020-03-02,Train
2557,2020-03-03,Train
2558,2020-03-04,Train
2559,2020-03-05,Train
2560,2020-03-06,Train
2561,2020-03-09,Train
2562,2020-03-10,Train
2563,2020-03-11,Train
2564,2020-03-12,Train
2565,2020-03-13,Train
2566,2020-03-16,Train
2567,2020-03-17,Train
2568,2020-03-18,Train
2569,2020-03-19,Train
2570,2020-03-20,Train
2571,2020-03-23,Train
2572,2020-03-24,Train
2573,2020-03-25,Train
2574,2020-03-26,Train
2575,2020-03-27,Train
2576,2020-03-30,Train
2577,2020-03-31,Train
2578,2020-04-01,Train
2579,2020-04-02,Train
2580,2020-04-03,Train
2581,2020-04-06,Train
2582,2020-04-07,Train
2583,2020-04-08,Train
2584,2020-04-09,Train
2585,2020-04-13,Train
2586,2020-04-14,Train
2587,2020-04-15,Train
2588,2020-04-16,Train
2589,2020-04-17,Train
2590,2020-04-20,Train
2591,2020-04-21,Train
2592,2020-04-22,Train
2593,2020-04-23,Train
2594,2020-04-24,Train
2595,2020-04-27,Train
2596,2020-04-28,Train
2597,2020-04-29,Train
2598,2020-04-30,Train
2599,2020-05-01,Train
2600,2020-05-04,Train
2601,2020-05-05,Train
2602,2020-05-06,Train
2603,2020-05-07,Train
2604,2020-05-08,Train
2605,2020-05-11,Train
2606,2020-05-12,Train
2607,2020-05-13,Train
2608,2020-05-14,Train
2609,2020-05-15,Train
2610,2020-05-18,Train
2611,2020-05-19,Train
2612,2020-05-20,Train
2613,2020-05-21,Train
2614,2020-05-22,Train
2615,2020-05-26,Train
2616,2020-05-27,Train
2617,2020-05-28,Train
2618,2020-05-29,Train
2619,2020-06-01,Train
2620,2020-06-02,Train
2621,2020-06-03,Train
2622,2020-06-04,Train
2623,2020-06-05,Train
2624,2020-06-08,Train
2625,2020-06-09,Train
2626,2020-06-10,Train
2627,2020-06-11,Train
2628,2020-06-12,Train
2629,2020-06-15,Train
2630,2020-06-16,Train
2631,2020-06-17,Train
2632,2020-06-18,Train
2633,2020-06-19,Train
2634,2020-06-22,Train
2635,2020-06-23,Train
2636,2020-06-24,Train
2637,2020-06-25,Train
2638,2020-06-26,Train
2639,2020-06-29,Train
2640,2020-06-30,Train
2641,2020-07-01,Train
2642,2020-07-02,Train
2643,2020-07-06,Train
2644,2020-07-07,Train
2645,2020-07-08,Train
2646,2020-07-09,Train
2647,2020-07-10,Train
2648,2020-07-13,Train
2649,2020-07-14,Train
2650,2020-07-15,Train
2651,2020-07-16,Train
2652,2020-07-17,Train
2653,2020-07-20,Train
2654,2020-07-21,Train
2655,2020-07-22,Train
2656,2020-07-23,Train
2657,2020-07-24,Train
2658,2020-07-27,Train
2659,2020-07-28,Train
2660,2020-07-29,Train
2661,2020-07-30,Train
2662,2020-07-31,Train
2663,2020-08-03,Train
2664,2020-08-04,Train
2665,2020-08-05,Train
2666,2020-08-06,Train
2667,2020-08-07,Train
2668,2020-08-10,Train
2669,2020-08-11,Train
2670,2020-08-12,Train
2671,2020-08-13,Train
2672,2020-08-14,Train
2673,2020-08-17,Train
2674,2020-08-18,Train
2675,2020-08-19,Train
2676,2020-08-20,Train
2677,2020-08-21,Train
2678,2020-08-24,Train
2679,2020-08-25,Train
2680,2020-08-26,Train
2681,2020-08-27,Train
2682,2020-08-28,Train
2683,2020-08-31,Train
2684,2020-09-01,Train
2685,2020-09-02,Train
2686,2020-09-03,Train
2687,2020-09-04,Train
2688,2020-09-08,Train
2689,2020-09-09,Train
2690,2020-09-10,Train
2691,2020-09-11,Train
2692,2020-09-14,Train
2693,2020-09-15,Train
2694,2020-09-16,Train
2695,2020-09-17,Train
2696,2020-09-18,Train
2697,2020-09-21,Train
2698,2020-09-22,Train
2699,2020-09-23,Train
2700,2020-09-24,Train
2701,2020-09-25,Train
2702,2020-09-28,Train
2703,2020-09-29,Train
2704,2020-09-30,Train
2705,2020-10-01,Train
2706,2020-10-02,Train
2707,2020-10-05,Train
2708,2020-10-06,Train
2709,2020-10-07,Train
2710,2020-10-08,Train
2711,2020-10-09,Train
2712,2020-10-12,Train
2713,2020-10-13,Train
2714,2020-10-14,Train
2715,2020-10-15,Train
2716,2020-10-16,Train
2717,2020-10-19,Train
2718,2020-10-20,Train
2719,2020-10-21,Train
2720,2020-10-22,Train
2721,2020-10-23,Train
2722,2020-10-26,Train
2723,2020-10-27,Train
2724,2020-10-28,Train
2725,2020-10-29,Train
2726,2020-10-30,Train
2727,2020-11-02,Train
2728,2020-11-03,Train
2729,2020-11-04,Train
2730,2020-11-05,Train
2731,2020-11-06,Train
2732,2020-11-09,Train
2733,2020-11-10,Train
2734,2020-11-11,Train
2735,2020-11-12,Train
2736,2020-11-13,Train
2737,2020-11-16,Train
2738,2020-11-17,Train
2739,2020-11-18,Train
2740,2020-11-19,Train
2741,2020-11-20,Train
2742,2020-11-23,Train
2743,2020-11-24,Train
2744,2020-11-25,Train
2745,2020-11-27,Train
2746,2020-11-30,Train
2747,2020-12-01,Train
2748,2020-12-02,Train
2749,2020-12-03,Train
2750,2020-12-04,Train
2751,2020-12-07,Train
2752,2020-12-08,Train
2753,2020-12-09,Train
2754,2020-12-10,Train
2755,2020-12-11,Train
2756,2020-12-14,Train
2757,2020-12-15,Train
2758,2020-12-16,Train
2759,2020-12-17,Train
2760,2020-12-18,Train
2761,2020-12-21,Train
2762,2020-12-22,Train
2763,2020-12-23,Train
2764,2020-12-24,Train
2765,2020-12-28,Train
2766,2020-12-29,Train
2767,2020-12-30,Train
2768,2020-12-31,Train
2769,2021-01-04,Train
2770,2021-01-05,Train
2771,2021-01-06,Train
2772,2021-01-07,Train
2773,2021-01-08,Train
2774,2021-01-11,Train
2775,2021-01-12,Train
2776,2021-01-13,Train
2777,2021-01-14,Train
2778,2021-01-15,Train
2779,2021-01-19,Train
2780,2021-01-20,Train
2781,2021-01-21,Train
2782,2021-01-22,Train
2783,2021-01-25,Train
2784,2021-01-26,Train
2785,2021-01-27,Train
2786,2021-01-28,Train
2787,2021-01-29,Train
2788,2021-02-01,Train
2789,2021-02-02,Train
2790,2021-02-03,Train
2791,2021-02-04,Train
2792,2021-02-05,Train
2793,2021-02-08,Train
2794,2021-02-09,Train
2795,2021-02-10,Train
2796,2021-02-11,Train
2797,2021-02-12,Train
2798,2021-02-16,Train
2799,2021-02-17,Train
2800,2021-02-18,Train
2801,2021-02-19,Train
2802,2021-02-22,Train
2803,2021-02-23,Train
2804,2021-02-24,Train
2805,2021-02-25,Train
2806,2021-02-26,Train
2807,2021-03-01,Train
2808,2021-03-02,Train
2809,2021-03-03,Train
2810,2021-03-04,Train
2811,2021-03-05,Train
2812,2021-03-08,Train
2813,2021-03-09,Train
2814,2021-03-10,Train
2815,2021-03-11,Train
2816,2021-03-12,Train
2817,2021-03-15,Train
2818,2021-03-16,Train
2819,2021-03-17,Train
2820,2021-03-18,Train
2821,2021-03-19,Train
2822,2021-03-22,Train
2823,2021-03-23,Train
2824,2021-03-24,Train
2825,2021-03-25,Train
2826,2021-03-26,Train
2827,2021-03-29,Train
2828,2021-03-30,Train
2829,2021-03-31,Train
2830,2021-04-01,Train
2831,2021-04-05,Train
2832,2021-04-06,Train
2833,2021-04-07,Train
2834,2021-04-08,Train
2835,2021-04-09,Train
2836,2021-04-12,Train
2837,2021-04-13,Train
2838,2021-04-14,Train
2839,2021-04-15,Train
2840,2021-04-16,Train
2841,2021-04-19,Train
2842,2021-04-20,Train
2843,2021-04-21,Train
2844,2021-04-22,Train
2845,2021-04-23,Train
2846,2021-04-26,Train
2847,2021-04-27,Train
2848,2021-04-28,Train
2849,2021-04-29,Train
2850,2021-04-30,Train
2851,2021-05-03,Train
2852,2021-05-04,Train
2853,2021-05-05,Train
2854,2021-05-06,Train
2855,2021-05-07,Train
2856,2021-05-10,Train
2857,2021-05-11,Train
2858,2021-05-12,Train
2859,2021-05-13,Train
2860,2021-05-14,Train
2861,2021-05-17,Train
2862,2021-05-18,Train
2863,2021-05-19,Train
2864,2021-05-20,Train
2865,2021-05-21,Train
2866,2021-05-24,Train
2867,2021-05-25,Train
2868,2021-05-26,Train
2869,2021-05-27,Train
2870,2021-05-28,Validation
2871,2021-06-01,Validation
2872,2021-06-02,Validation
2873,2021-06-03,Validation
2874,2021-06-04,Validation
2875,2021-06-07,Validation
2876,2021-06-08,Validation
2877,2021-06-09,Validation
2878,2021-06-10,Validation
2879,2021-06-11,Validation
2880,2021-06-14,Validation
2881,2021-06-15,Validation
2882,2021-06-16,Validation
2883,2021-06-17,Validation
2884,2021-06-18,Validation
2885,2021-06-21,Validation
2886,2021-06-22,Validation
2887,2021-06-23,Validation
2888,2021-06-24,Validation
2889,2021-06-25,Validation
2890,2021-06-28,Validation
2891,2021-06-29,Validation
2892,2021-06-30,Validation
2893,2021-07-01,Validation
2894,2021-07-02,Validation
2895,2021-07-06,Validation
2896,2021-07-07,Validation
2897,2021-07-08,Validation
2898,2021-07-09,Validation
2899,2021-07-12,Validation
2900,2021-07-13,Validation
2901,2021-07-14,Validation
2902,2021-07-15,Validation
2903,2021-07-16,Validation
2904,2021-07-19,Validation
2905,2021-07-20,Validation
2906,2021-07-21,Validation
2907,2021-07-22,Validation
2908,2021-07-23,Validation
2909,2021-07-26,Validation
2910,2021-07-27,Validation
2911,2021-07-28,Validation
2912,2021-07-29,Validation
2913,2021-07-30,Validation
2914,2021-08-02,Validation
2915,2021-08-03,Validation
2916,2021-08-04,Validation
2917,2021-08-05,Validation
2918,2021-08-06,Validation
2919,2021-08-09,Validation
2920,2021-08-10,Validation
2921,2021-08-11,Validation
2922,2021-08-12,Validation
2923,2021-08-13,Validation
2924,2021-08-16,Validation
2925,2021-08-17,Validation
2926,2021-08-18,Validation
2927,2021-08-19,Validation
2928,2021-08-20,Validation
2929,2021-08-23,Validation
2930,2021-08-24,Validation
2931,2021-08-25,Validation
2932,2021-08-26,Validation
2933,2021-08-27,Validation
2934,2021-08-30,Validation
2935,2021-08-31,Validation
2936,2021-09-01,Validation
2937,2021-09-02,Validation
2938,2021-09-03,Validation
2939,2021-09-07,Validation
2940,2021-09-08,Validation
2941,2021-09-09,Validation
2942,2021-09-10,Validation
2943,2021-09-13,Validation
2944,2021-09-14,Validation
2945,2021-09-15,Validation
2946,2021-09-16,Validation
2947,2021-09-17,Validation
2948,2021-09-20,Validation
2949,2021-09-21,Validation
2950,2021-09-22,Validation
2951,2021-09-23,Validation
2952,2021-09-24,Validation
2953,2021-09-27,Validation
2954,2021-09-28,Validation
2955,2021-09-29,Validation
2956,2021-09-30,Validation
2957,2021-10-01,Validation
2958,2021-10-04,Validation
2959,2021-10-05,Validation
2960,2021-10-06,Validation
2961,2021-10-07,Validation
2962,2021-10-08,Validation
2963,2021-10-11,Validation
2964,2021-10-12,Validation
2965,2021-10-13,Validation
2966,2021-10-14,Validation
2967,2021-10-15,Validation
2968,2021-10-18,Validation
2969,2021-10-19,Validation
2970,2021-10-20,Validation
2971,2021-10-21,Validation
2972,2021-10-22,Validation
2973,2021-10-25,Validation
2974,2021-10-26,Validation
2975,2021-10-27,Validation
2976,2021-10-28,Validation
2977,2021-10-29,Validation
2978,2021-11-01,Validation
2979,2021-11-02,Validation
2980,2021-11-03,Validation
2981,2021-11-04,Validation
2982,2021-11-05,Validation
2983,2021-11-08,Validation
2984,2021-11-09,Validation
2985,2021-11-10,Validation
2986,2021-11-11,Validation
2987,2021-11-12,Validation
2988,2021-11-15,Validation
2989,2021-11-16,Validation
2990,2021-11-17,Validation
2991,2021-11-18,Validation
2992,2021-11-19,Validation
2993,2021-11-22,Validation
2994,2021-11-23,Validation
2995,2021-11-24,Validation
2996,2021-11-26,Validation
2997,2021-11-29,Validation
2998,2021-11-30,Validation
2999,2021-12-01,Validation
3000,2021-12-02,Validation
3001,2021-12-03,Validation
3002,2021-12-06,Validation
3003,2021-12-07,Validation
3004,2021-12-08,Validation
3005,2021-12-09,Validation
3006,2021-12-10,Validation
3007,2021-12-13,Validation
3008,2021-12-14,Validation
3009,2021-12-15,Validation
3010,2021-12-16,Validation
3011,2021-12-17,Validation
3012,2021-12-20,Validation
3013,2021-12-21,Validation
3014,2021-12-22,Validation
3015,2021-12-23,Validation
3016,2021-12-27,Validation
3017,2021-12-28,Validation
3018,2021-12-29,Validation
3019,2021-12-30,Validation
3020,2021-12-31,Validation
3021,2022-01-03,Validation
3022,2022-01-04,Validation
3023,2022-01-05,Validation
3024,2022-01-06,Validation
3025,2022-01-07,Validation
3026,2022-01-10,Validation
3027,2022-01-11,Validation
3028,2022-01-12,Validation
3029,2022-01-13,Validation
3030,2022-01-14,Validation
3031,2022-01-18,Validation
3032,2022-01-19,Validation
3033,2022-01-20,Validation
3034,2022-01-21,Validation
3035,2022-01-24,Validation
3036,2022-01-25,Validation
3037,2022-01-26,Validation
3038,2022-01-27,Validation
3039,2022-01-28,Validation
3040,2022-01-31,Validation
3041,2022-02-01,Validation
3042,2022-02-02,Validation
3043,2022-02-03,Validation
3044,2022-02-04,Validation
3045,2022-02-07,Validation
3046,2022-02-08,Validation
3047,2022-02-09,Validation
3048,2022-02-10,Validation
3049,2022-02-11,Validation
3050,2022-02-14,Validation
3051,2022-02-15,Validation
3052,2022-02-16,Validation
3053,2022-02-17,Validation
3054,2022-02-18,Validation
3055,2022-02-22,Validation
3056,2022-02-23,Validation
3057,2022-02-24,Validation
3058,2022-02-25,Validation
3059,2022-02-28,Validation
3060,2022-03-01,Validation
3061,2022-03-02,Validation
3062,2022-03-03,Validation
3063,2022-03-04,Validation
3064,2022-03-07,Validation
3065,2022-03-08,Validation
3066,2022-03-09,Validation
3067,2022-03-10,Validation
3068,2022-03-11,Validation
3069,2022-03-14,Validation
3070,2022-03-15,Validation
3071,2022-03-16,Validation
3072,2022-03-17,Validation
3073,2022-03-18,Validation
3074,2022-03-21,Validation
3075,2022-03-22,Validation
3076,2022-03-23,Validation
3077,2022-03-24,Validation
3078,2022-03-25,Validation
3079,2022-03-28,Validation
3080,2022-03-29,Validation
3081,2022-03-30,Validation
3082,2022-03-31,Validation
3083,2022-04-01,Validation
3084,2022-04-04,Validation
3085,2022-04-05,Validation
3086,2022-04-06,Validation
3087,2022-04-07,Validation
3088,2022-04-08,Validation
3089,2022-04-11,Validation
3090,2022-04-12,Validation
3091,2022-04-13,Validation
3092,2022-04-14,Validation
3093,2022-04-18,Validation
3094,2022-04-19,Validation
3095,2022-04-20,Validation
3096,2022-04-21,Validation
3097,2022-04-22,Validation
3098,2022-04-25,Validation
3099,2022-04-26,Validation
3100,2022-04-27,Validation
3101,2022-04-28,Validation
3102,2022-04-29,Validation
3103,2022-05-02,Validation
3104,2022-05-03,Validation
3105,2022-05-04,Validation
3106,2022-05-05,Validation
3107,2022-05-06,Validation
3108,2022-05-09,Validation
3109,2022-05-10,Validation
3110,2022-05-11,Validation
3111,2022-05-12,Validation
3112,2022-05-13,Validation
3113,2022-05-16,Validation
3114,2022-05-17,Validation
3115,2022-05-18,Validation
3116,2022-05-19,Validation
3117,2022-05-20,Validation
3118,2022-05-23,Validation
3119,2022-05-24,Validation
3120,2022-05-25,Validation
3121,2022-05-26,Validation
3122,2022-05-27,Validation
3123,2022-05-31,Validation
3124,2022-06-01,Validation
3125,2022-06-02,Validation
3126,2022-06-03,Validation
3127,2022-06-06,Validation
3128,2022-06-07,Validation
3129,2022-06-08,Validation
3130,2022-06-09,Validation
3131,2022-06-10,Validation
3132,2022-06-13,Validation
3133,2022-06-14,Validation
3134,2022-06-15,Validation
3135,2022-06-16,Validation
3136,2022-06-17,Validation
3137,2022-06-21,Validation
3138,2022-06-22,Validation
3139,2022-06-23,Validation
3140,2022-06-24,Validation
3141,2022-06-27,Validation
3142,2022-06-28,Validation
3143,2022-06-29,Validation
3144,2022-06-30,Validation
3145,2022-07-01,Validation
3146,2022-07-05,Validation
3147,2022-07-06,Validation
3148,2022-07-07,Validation
3149,2022-07-08,Validation
3150,2022-07-11,Validation
3151,2022-07-12,Validation
3152,2022-07-13,Validation
3153,2022-07-14,Validation
3154,2022-07-15,Validation
3155,2022-07-18,Validation
3156,2022-07-19,Validation
3157,2022-07-20,Validation
3158,2022-07-21,Validation
3159,2022-07-22,Validation
3160,2022-07-25,Validation
3161,2022-07-26,Validation
3162,2022-07-27,Validation
3163,2022-07-28,Validation
3164,2022-07-29,Validation
3165,2022-08-01,Validation
3166,2022-08-02,Validation
3167,2022-08-03,Validation
3168,2022-08-04,Validation
3169,2022-08-05,Validation
3170,2022-08-08,Validation
3171,2022-08-09,Validation
3172,2022-08-10,Validation
3173,2022-08-11,Validation
3174,2022-08-12,Validation
3175,2022-08-15,Validation
3176,2022-08-16,Validation
3177,2022-08-17,Validation
3178,2022-08-18,Validation
3179,2022-08-19,Validation
3180,2022-08-22,Validation
3181,2022-08-23,Validation
3182,2022-08-24,Validation
3183,2022-08-25,Validation
3184,2022-08-26,Validation
3185,2022-08-29,Validation
3186,2022-08-30,Validation
3187,2022-08-31,Validation
3188,2022-09-01,Validation
3189,2022-09-02,Validation
3190,2022-09-06,Validation
3191,2022-09-07,Validation
3192,2022-09-08,Validation
3193,2022-09-09,Validation
3194,2022-09-12,Validation
3195,2022-09-13,Validation
3196,2022-09-14,Validation
3197,2022-09-15,Validation
3198,2022-09-16,Validation
3199,2022-09-19,Validation
3200,2022-09-20,Validation
3201,2022-09-21,Validation
3202,2022-09-22,Validation
3203,2022-09-23,Validation
3204,2022-09-26,Validation
3205,2022-09-27,Validation
3206,2022-09-28,Validation
3207,2022-09-29,Validation
3208,2022-09-30,Validation
3209,2022-10-03,Validation
3210,2022-10-04,Validation
3211,2022-10-05,Validation
3212,2022-10-06,Validation
3213,2022-10-07,Validation
3214,2022-10-10,Validation
3215,2022-10-11,Validation
3216,2022-10-12,Validation
3217,2022-10-13,Validation
3218,2022-10-14,Validation
3219,2022-10-17,Validation
3220,2022-10-18,Validation
3221,2022-10-19,Validation
3222,2022-10-20,Validation
3223,2022-10-21,Validation
3224,2022-10-24,Validation
3225,2022-10-25,Validation
3226,2022-10-26,Validation
3227,2022-10-27,Validation
3228,2022-10-28,Validation
3229,2022-10-31,Validation
3230,2022-11-01,Validation
3231,2022-11-02,Validation
3232,2022-11-03,Validation
3233,2022-11-04,Validation
3234,2022-11-07,Validation
3235,2022-11-08,Validation
3236,2022-11-09,Validation
3237,2022-11-10,Validation
3238,2022-11-11,Validation
3239,2022-11-14,Validation
3240,2022-11-15,Validation
3241,2022-11-16,Validation
3242,2022-11-17,Validation
3243,2022-11-18,Validation
3244,2022-11-21,Validation
3245,2022-11-22,Validation
3246,2022-11-23,Validation
3247,2022-11-25,Validation
3248,2022-11-28,Validation
3249,2022-11-29,Validation
3250,2022-11-30,Validation
3251,2022-12-01,Validation
3252,2022-12-02,Validation
3253,2022-12-05,Validation
3254,2022-12-06,Validation
3255,2022-12-07,Validation
3256,2022-12-08,Validation
3257,2022-12-09,Validation
3258,2022-12-12,Validation
3259,2022-12-13,Validation
3260,2022-12-14,Validation
3261,2022-12-15,Validation
3262,2022-12-16,Validation
3263,2022-12-19,Validation
3264,2022-12-20,Validation
3265,2022-12-21,Validation
3266,2022-12-22,Validation
3267,2022-12-23,Validation
3268,2022-12-27,Validation
3269,2022-12-28,Validation
3270,2022-12-29,Validation
3271,2022-12-30,Validation
3272,2023-01-03,Validation
3273,2023-01-04,Validation
3274,2023-01-05,Validation
3275,2023-01-06,Validation
3276,2023-01-09,Validation
3277,2023-01-10,Validation
3278,2023-01-11,Validation
3279,2023-01-12,Validation
3280,2023-01-13,Validation
3281,2023-01-17,Validation
3282,2023-01-18,Validation
3283,2023-01-19,Validation
3284,2023-01-20,Validation
3285,2023-01-23,Validation
3286,2023-01-24,Validation
3287,2023-01-25,Validation
3288,2023-01-26,Validation
3289,2023-01-27,Validation
3290,2023-01-30,Validation
3291,2023-01-31,Validation
3292,2023-02-01,Validation
3293,2023-02-02,Validation
3294,2023-02-03,Validation
3295,2023-02-06,Validation
3296,2023-02-07,Validation
3297,2023-02-08,Validation
3298,2023-02-09,Validation
3299,2023-02-10,Validation
3300,2023-02-13,Validation
3301,2023-02-14,Validation
3302,2023-02-15,Validation
3303,2023-02-16,Validation
3304,2023-02-17,Validation
3305,2023-02-21,Validation
3306,2023-02-22,Validation
3307,2023-02-23,Validation
3308,2023-02-24,Validation
3309,2023-02-27,Validation
3310,2023-02-28,Validation
3311,2023-03-01,Validation
3312,2023-03-02,Validation
3313,2023-03-03,Validation
3314,2023-03-06,Validation
3315,2023-03-07,Validation
3316,2023-03-08,Validation
3317,2023-03-09,Validation
3318,2023-03-10,Validation
3319,2023-03-13,Validation
3320,2023-03-14,Validation
3321,2023-03-15,Validation
3322,2023-03-16,Validation
3323,2023-03-17,Validation
3324,2023-03-20,Validation
3325,2023-03-21,Validation
3326,2023-03-22,Validation
3327,2023-03-23,Validation
3328,2023-03-24,Validation
3329,2023-03-27,Validation
3330,2023-03-28,Validation
3331,2023-03-29,Validation
3332,2023-03-30,Validation
3333,2023-03-31,Validation
3334,2023-04-03,Validation
3335,2023-04-04,Validation
3336,2023-04-05,Validation
3337,2023-04-06,Validation
3338,2023-04-10,Validation
3339,2023-04-11,Validation
3340,2023-04-12,Validation
3341,2023-04-13,Validation
3342,2023-04-14,Validation
3343,2023-04-17,Validation
3344,2023-04-18,Validation
3345,2023-04-19,Validation
3346,2023-04-20,Validation
3347,2023-04-21,Validation
3348,2023-04-24,Validation
3349,2023-04-25,Validation
3350,2023-04-26,Validation
3351,2023-04-27,Validation
3352,2023-04-28,Validation
3353,2023-05-01,Validation
3354,2023-05-02,Validation
3355,2023-05-03,Validation
3356,2023-05-04,Validation
3357,2023-05-05,Validation
3358,2023-05-08,Validation
3359,2023-05-09,Validation
3360,2023-05-10,Validation
3361,2023-05-11,Validation
3362,2023-05-12,Validation
3363,2023-05-15,Validation
3364,2023-05-16,Validation
3365,2023-05-17,Validation
3366,2023-05-18,Validation
3367,2023-05-19,Validation
3368,2023-05-22,Validation
3369,2023-05-23,Validation
3370,2023-05-24,Validation
3371,2023-05-25,Validation
3372,2023-05-26,Validation
3373,2023-05-30,Validation
3374,2023-05-31,Validation
3375,2023-06-01,Validation
3376,2023-06-02,Validation
3377,2023-06-05,Validation
3378,2023-06-06,Validation
3379,2023-06-07,Validation
3380,2023-06-08,Validation
3381,2023-06-09,Validation
3382,2023-06-12,Validation
3383,2023-06-13,Validation
3384,2023-06-14,Validation
3385,2023-06-15,Validation
3386,2023-06-16,Validation
3387,2023-06-20,Validation
3388,2023-06-21,Validation
3389,2023-06-22,Validation
3390,2023-06-23,Validation
3391,2023-06-26,Validation
3392,2023-06-27,Validation
3393,2023-06-28,Validation
3394,2023-06-29,Validation
3395,2023-06-30,Validation
3396,2023-07-03,Validation
3397,2023-07-05,Validation
3398,2023-07-06,Validation
3399,2023-07-07,Validation
3400,2023-07-10,Validation
3401,2023-07-11,Validation
3402,2023-07-12,Validation
3403,2023-07-13,Validation
3404,2023-07-14,Validation
3405,2023-07-17,Validation
3406,2023-07-18,Validation
3407,2023-07-19,Validation
3408,2023-07-20,Validation
3409,2023-07-21,Validation
3410,2023-07-24,Validation
3411,2023-07-25,Validation
3412,2023-07-26,Validation
3413,2023-07-27,Validation
3414,2023-07-28,Validation
3415,2023-07-31,Validation
3416,2023-08-01,Validation
3417,2023-08-02,Validation
3418,2023-08-03,Validation
3419,2023-08-04,Validation
3420,2023-08-07,Validation
3421,2023-08-08,Validation
3422,2023-08-09,Validation
3423,2023-08-10,Validation
3424,2023-08-11,Validation
3425,2023-08-14,Validation
3426,2023-08-15,Validation
3427,2023-08-16,Validation
3428,2023-08-17,Validation
3429,2023-08-18,Validation
3430,2023-08-21,Validation
3431,2023-08-22,Validation
3432,2023-08-23,Validation
3433,2023-08-24,Validation
3434,2023-08-25,Validation
3435,2023-08-28,Validation
3436,2023-08-29,Validation
3437,2023-08-30,Validation
3438,2023-08-31,Validation
3439,2023-09-01,Validation
3440,2023-09-05,Validation
3441,2023-09-06,Validation
3442,2023-09-07,Validation
3443,2023-09-08,Validation
3444,2023-09-11,Validation
3445,2023-09-12,Validation
3446,2023-09-13,Validation
3447,2023-09-14,Validation
3448,2023-09-15,Validation
3449,2023-09-18,Validation
3450,2023-09-19,Validation
3451,2023-09-20,Validation
3452,2023-09-21,Validation
3453,2023-09-22,Validation
3454,2023-09-25,Validation
3455,2023-09-26,Validation
3456,2023-09-27,Validation
3457,2023-09-28,Validation
3458,2023-09-29,Validation
3459,2023-10-02,Validation
3460,2023-10-03,Validation
3461,2023-10-04,Validation
3462,2023-10-05,Validation
3463,2023-10-06,Validation
3464,2023-10-09,Validation
3465,2023-10-10,Validation
3466,2023-10-11,Validation
3467,2023-10-12,Validation
3468,2023-10-13,Validation
3469,2023-10-16,Validation
3470,2023-10-17,Validation
3471,2023-10-18,Validation
3472,2023-10-19,Validation
3473,2023-10-20,Validation
3474,2023-10-23,Validation
3475,2023-10-24,Validation
3476,2023-10-25,Validation
3477,2023-10-26,Validation
3478,2023-10-27,Validation
3479,2023-10-30,Validation
3480,2023-10-31,Validation
3481,2023-11-01,Validation
3482,2023-11-02,Validation
3483,2023-11-03,Validation
3484,2023-11-06,Validation
3485,2023-11-07,Test
3486,2023-11-08,Test
3487,2023-11-09,Test
3488,2023-11-10,Test
3489,2023-11-13,Test
3490,2023-11-14,Test
3491,2023-11-15,Test
3492,2023-11-16,Test
3493,2023-11-17,Test
3494,2023-11-20,Test
3495,2023-11-21,Test
3496,2023-11-22,Test
3497,2023-11-24,Test
3498,2023-11-27,Test
3499,2023-11-28,Test
3500,2023-11-29,Test
3501,2023-11-30,Test
3502,2023-12-01,Test
3503,2023-12-04,Test
3504,2023-12-05,Test
3505,2023-12-06,Test
3506,2023-12-07,Test
3507,2023-12-08,Test
3508,2023-12-11,Test
3509,2023-12-12,Test
3510,2023-12-13,Test
3511,2023-12-14,Test
3512,2023-12-15,Test
3513,2023-12-18,Test
3514,2023-12-19,Test
3515,2023-12-20,Test
3516,2023-12-21,Test
3517,2023-12-22,Test
3518,2023-12-26,Test
3519,2023-12-27,Test
3520,2023-12-28,Test
3521,2023-12-29,Test
3522,2024-01-02,Test
3523,2024-01-03,Test
3524,2024-01-04,Test
3525,2024-01-05,Test
3526,2024-01-08,Test
3527,2024-01-09,Test
3528,2024-01-10,Test
3529,2024-01-11,Test
3530,2024-01-12,Test
3531,2024-01-16,Test
3532,2024-01-17,Test
3533,2024-01-18,Test
3534,2024-01-19,Test
3535,2024-01-22,Test
3536,2024-01-23,Test
3537,2024-01-24,Test
3538,2024-01-25,Test
3539,2024-01-26,Test
3540,2024-01-29,Test
3541,2024-01-30,Test
3542,2024-01-31,Test
3543,2024-02-01,Test
3544,2024-02-02,Test
3545,2024-02-05,Test
3546,2024-02-06,Test
3547,2024-02-07,Test
3548,2024-02-08,Test
3549,2024-02-09,Test
3550,2024-02-12,Test
3551,2024-02-13,Test
3552,2024-02-14,Test
3553,2024-02-15,Test
3554,2024-02-16,Test
3555,2024-02-20,Test
3556,2024-02-21,Test
3557,2024-02-22,Test
3558,2024-02-23,Test
3559,2024-02-26,Test
3560,2024-02-27,Test
3561,2024-02-28,Test
3562,2024-02-29,Test
3563,2024-03-01,Test
3564,2024-03-04,Test
3565,2024-03-05,Test
3566,2024-03-06,Test
3567,2024-03-07,Test
3568,2024-03-08,Test
3569,2024-03-11,Test
3570,2024-03-12,Test
3571,2024-03-13,Test
3572,2024-03-14,Test
3573,2024-03-15,Test
3574,2024-03-18,Test
3575,2024-03-19,Test
3576,2024-03-20,Test
3577,2024-03-21,Test
3578,2024-03-22,Test
3579,2024-03-25,Test
3580,2024-03-26,Test
3581,2024-03-27,Test
3582,2024-03-28,Test
3583,2024-04-01,Test
3584,2024-04-02,Test
3585,2024-04-03,Test
3586,2024-04-04,Test
3587,2024-04-05,Test
3588,2024-04-08,Test
3589,2024-04-09,Test
3590,2024-04-10,Test
3591,2024-04-11,Test
3592,2024-04-12,Test
3593,2024-04-15,Test
3594,2024-04-16,Test
3595,2024-04-17,Test
3596,2024-04-18,Test
3597,2024-04-19,Test
3598,2024-04-22,Test
3599,2024-04-23,Test
3600,2024-04-24,Test
3601,2024-04-25,Test
3602,2024-04-26,Test
3603,2024-04-29,Test
3604,2024-04-30,Test
3605,2024-05-01,Test
3606,2024-05-02,Test
3607,2024-05-03,Test
3608,2024-05-06,Test
3609,2024-05-07,Test
3610,2024-05-08,Test
3611,2024-05-09,Test
3612,2024-05-10,Test
3613,2024-05-13,Test
3614,2024-05-14,Test
3615,2024-05-15,Test
3616,2024-05-16,Test
3617,2024-05-17,Test
3618,2024-05-20,Test
3619,2024-05-21,Test
3620,2024-05-22,Test
3621,2024-05-23,Test
3622,2024-05-24,Test
3623,2024-05-28,Test
3624,2024-05-29,Test
3625,2024-05-30,Test
3626,2024-05-31,Test
3627,2024-06-03,Test
3628,2024-06-04,Test
3629,2024-06-05,Test
3630,2024-06-06,Test
3631,2024-06-07,Test
3632,2024-06-10,Test
3633,2024-06-11,Test
3634,2024-06-12,Test
3635,2024-06-13,Test
3636,2024-06-14,Test
3637,2024-06-17,Test
3638,2024-06-18,Test
3639,2024-06-20,Test
3640,2024-06-21,Test
3641,2024-06-24,Test
3642,2024-06-25,Test
3643,2024-06-26,Test
3644,2024-06-27,Test
3645,2024-06-28,Test
3646,2024-07-01,Test
3647,2024-07-02,Test
3648,2024-07-03,Test
3649,2024-07-05,Test
3650,2024-07-08,Test
3651,2024-07-09,Test
3652,2024-07-10,Test
3653,2024-07-11,Test
3654,2024-07-12,Test
3655,2024-07-15,Test
3656,2024-07-16,Test
3657,2024-07-17,Test
3658,2024-07-18,Test
3659,2024-07-19,Test
3660,2024-07-22,Test
3661,2024-07-23,Test
3662,2024-07-24,Test
3663,2024-07-25,Test
3664,2024-07-26,Test
3665,2024-07-29,Test
3666,2024-07-30,Test
3667,2024-07-31,Test
3668,2024-08-01,Test
3669,2024-08-02,Test
3670,2024-08-05,Test
3671,2024-08-06,Test
3672,2024-08-07,Test
3673,2024-08-08,Test
3674,2024-08-09,Test
3675,2024-08-12,Test
3676,2024-08-13,Test
3677,2024-08-14,Test
3678,2024-08-15,Test
3679,2024-08-16,Test
3680,2024-08-19,Test
3681,2024-08-20,Test
3682,2024-08-21,Test
3683,2024-08-22,Test
3684,2024-08-23,Test
3685,2024-08-26,Test
3686,2024-08-27,Test
3687,2024-08-28,Test
3688,2024-08-29,Test
3689,2024-08-30,Test
3690,2024-09-03,Test
3691,2024-09-04,Test
3692,2024-09-05,Test
3693,2024-09-06,Test
3694,2024-09-09,Test
3695,2024-09-10,Test
3696,2024-09-11,Test
3697,2024-09-12,Test
3698,2024-09-13,Test
3699,2024-09-16,Test
3700,2024-09-17,Test
3701,2024-09-18,Test
3702,2024-09-19,Test
3703,2024-09-20,Test
3704,2024-09-23,Test
3705,2024-09-24,Test
3706,2024-09-25,Test
3707,2024-09-26,Test
3708,2024-09-27,Test
3709,2024-09-30,Test
3710,2024-10-01,Test
3711,2024-10-02,Test
3712,2024-10-03,Test
3713,2024-10-04,Test
3714,2024-10-07,Test
3715,2024-10-08,Test
3716,2024-10-09,Test
3717,2024-10-10,Test
3718,2024-10-11,Test
3719,2024-10-14,Test
3720,2024-10-15,Test
3721,2024-10-16,Test
3722,2024-10-17,Test
3723,2024-10-18,Test
3724,2024-10-21,Test
3725,2024-10-22,Test
3726,2024-10-23,Test
3727,2024-10-24,Test
3728,2024-10-25,Test
3729,2024-10-28,Test
3730,2024-10-29,Test
3731,2024-10-30,Test
3732,2024-10-31,Test
3733,2024-11-01,Test
3734,2024-11-04,Test
3735,2024-11-05,Test
3736,2024-11-06,Test
3737,2024-11-07,Test
3738,2024-11-08,Test
3739,2024-11-11,Test
3740,2024-11-12,Test
3741,2024-11-13,Test
3742,2024-11-14,Test
3743,2024-11-15,Test
3744,2024-11-18,Test
3745,2024-11-19,Test
3746,2024-11-20,Test
3747,2024-11-21,Test
3748,2024-11-22,Test
3749,2024-11-25,Test
3750,2024-11-26,Test
3751,2024-11-27,Test
3752,2024-11-29,Test
3753,2024-12-02,Test
3754,2024-12-03,Test
3755,2024-12-04,Test
3756,2024-12-05,Test
3757,2024-12-06,Test
3758,2024-12-09,Test
3759,2024-12-10,Test
3760,2024-12-11,Test
3761,2024-12-12,Test
3762,2024-12-13,Test
3763,2024-12-16,Test
3764,2024-12-17,Test
3765,2024-12-18,Test
3766,2024-12-19,Test
3767,2024-12-20,Test
3768,2024-12-23,Test
3769,2024-12-24,Test
3770,2024-12-26,Test
3771,2024-12-27,Test
3772,2024-12-30,Test
3773,2024-12-31,Test
3774,2025-01-02,Test
3775,2025-01-03,Test
3776,2025-01-06,Test
3777,2025-01-07,Test
3778,2025-01-08,Test
3779,2025-01-10,Test
3780,2025-01-13,Test
3781,2025-01-14,Test
3782,2025-01-15,Test
3783,2025-01-16,Test
3784,2025-01-17,Test
3785,2025-01-21,Test
3786,2025-01-22,Test
3787,2025-01-23,Test
3788,2025-01-24,Test
3789,2025-01-27,Test
3790,2025-01-28,Test
3791,2025-01-29,Test
3792,2025-01-30,Test
3793,2025-01-31,Test
3794,2025-02-03,Test
3795,2025-02-04,Test
3796,2025-02-05,Test
3797,2025-02-06,Test
3798,2025-02-07,Test
3799,2025-02-10,Test
3800,2025-02-11,Test
3801,2025-02-12,Test
3802,2025-02-13,Test
3803,2025-02-14,Test
3804,2025-02-18,Test
3805,2025-02-19,Test
3806,2025-02-20,Test
3807,2025-02-21,Test
3808,2025-02-24,Test
3809,2025-02-25,Test
3810,2025-02-26,Test
3811,2025-02-27,Test
3812,2025-02-28,Test
3813,2025-03-03,Test
3814,2025-03-04,Test
3815,2025-03-05,Test
3816,2025-03-06,Test
3817,2025-03-07,Test
3818,2025-03-10,Test
3819,2025-03-11,Test
3820,2025-03-12,Test
3821,2025-03-13,Test
3822,2025-03-14,Test
3823,2025-03-17,Test
3824,2025-03-18,Test
3825,2025-03-19,Test
3826,2025-03-20,Test
3827,2025-03-21,Test
3828,2025-03-24,Test
3829,2025-03-25,Test
3830,2025-03-26,Test
3831,2025-03-27,Test
3832,2025-03-28,Test
3833,2025-03-31,Test
3834,2025-04-01,Test
3835,2025-04-02,Test
3836,2025-04-03,Test
3837,2025-04-04,Test
3838,2025-04-07,Test
3839,2025-04-08,Test
3840,2025-04-09,Test
3841,2025-04-10,Test
3842,2025-04-11,Test
3843,2025-04-14,Test
3844,2025-04-15,Test
3845,2025-04-16,Test
3846,2025-04-17,Test
3847,2025-04-21,Test
3848,2025-04-22,Test
3849,2025-04-23,Test
3850,2025-04-24,Test
3851,2025-04-25,Test
3852,2025-04-28,Test
3853,2025-04-29,Test
3854,2025-04-30,Test
3855,2025-05-01,Test
3856,2025-05-02,Test
3857,2025-05-05,Test
3858,2025-05-06,Test
3859,2025-05-07,Test
3860,2025-05-08,Test
3861,2025-05-09,Test
3862,2025-05-12,Test
3863,2025-05-13,Test
3864,2025-05-14,Test
3865,2025-05-15,Test
3866,2025-05-16,Test
3867,2025-05-19,Test
3868,2025-05-20,Test
3869,2025-05-21,Test
3870,2025-05-22,Test
3871,2025-05-23,Test
3872,2025-05-27,Test
3873,2025-05-28,Test
3874,2025-05-29,Test
3875,2025-05-30,Test
3876,2025-06-02,Test
3877,2025-06-03,Test
3878,2025-06-04,Test
3879,2025-06-05,Test
3880,2025-06-06,Test
3881,2025-06-09,Test
3882,2025-06-10,Test
3883,2025-06-11,Test
3884,2025-06-12,Test
3885,2025-06-13,Test
3886,2025-06-16,Test
3887,2025-06-17,Test
3888,2025-06-18,Test
3889,2025-06-20,Test
3890,2025-06-23,Test
3891,2025-06-24,Test
3892,2025-06-25,Test
3893,2025-06-26,Test
3894,2025-06-27,Test
3895,2025-06-30,Test
3896,2025-07-01,Test
3897,2025-07-02,Test
3898,2025-07-03,Test
3899,2025-07-07,Test
3900,2025-07-08,Test
3901,2025-07-09,Test
3902,2025-07-10,Test
3903,2025-07-11,Test
3904,2025-07-14,Test
3905,2025-07-15,Test
3906,2025-07-16,Test
3907,2025-07-17,Test
3908,2025-07-18,Test
3909,2025-07-21,Test
3910,2025-07-22,Test
3911,2025-07-23,Test
3912,2025-07-24,Test
3913,2025-07-25,Test
3914,2025-07-28,Test
3915,2025-07-29,Test
3916,2025-07-30,Test
3917,2025-07-31,Test
3918,2025-08-01,Test
3919,2025-08-04,Test
3920,2025-08-05,Test
3921,2025-08-06,Test
3922,2025-08-07,Test
3923,2025-08-08,Test
3924,2025-08-11,Test
3925,2025-08-12,Test
3926,2025-08-13,Test
3927,2025-08-14,Test
3928,2025-08-15,Test
3929,2025-08-18,Test
3930,2025-08-19,Test
3931,2025-08-20,Test
3932,2025-08-21,Test
3933,2025-08-22,Test
3934,2025-08-25,Test
3935,2025-08-26,Test
3936,2025-08-27,Test
3937,2025-08-28,Test
3938,2025-08-29,Test
3939,2025-09-02,Test
3940,2025-09-03,Test
3941,2025-09-04,Test
3942,2025-09-05,Test
3943,2025-09-08,Test
3944,2025-09-09,Test
3945,2025-09-10,Test
3946,2025-09-11,Test
3947,2025-09-12,Test
3948,2025-09-15,Test
3949,2025-09-16,Test
3950,2025-09-17,Test
3951,2025-09-18,Test
3952,2025-09-19,Test
3953,2025-09-22,Test
3954,2025-09-23,Test
3955,2025-09-24,Test
3956,2025-09-25,Test
3957,2025-09-26,Test
3958,2025-09-29,Test
3959,2025-09-30,Test
3960,2025-10-01,Test
3961,2025-10-02,Test
3962,2025-10-03,Test
3963,2025-10-06,Test
3964,2025-10-07,Test
3965,2025-10-08,Test
3966,2025-10-09,Test
3967,2025-10-10,Test
3968,2025-10-13,Test
3969,2025-10-14,Test
3970,2025-10-15,Test
3971,2025-10-16,Test
3972,2025-10-17,Test
3973,2025-10-20,Test
3974,2025-10-21,Test
3975,2025-10-22,Test
3976,2025-10-23,Test
3977,2025-10-24,Test
3978,2025-10-27,Test
3979,2025-10-28,Test
3980,2025-10-29,Test
3981,2025-10-30,Test
3982,2025-10-31,Test
3983,2025-11-03,Test
3984,2025-11-04,Test
3985,2025-11-05,Test
3986,2025-11-06,Test
3987,2025-11-07,Test
3988,2025-11-10,Test
3989,2025-11-11,Test
3990,2025-11-12,Test
3991,2025-11-13,Test
3992,2025-11-14,Test
3993,2025-11-17,Test
3994,2025-11-18,Test
3995,2025-11-19,Test
3996,2025-11-20,Test
3997,2025-11-21,Test
3998,2025-11-24,Test
3999,2025-11-25,Test
4000,2025-11-26,Test
4001,2025-11-28,Test
4002,2025-12-01,Test
4003,2025-12-02,Test
4004,2025-12-03,Test
4005,2025-12-04,Test
4006,2025-12-05,Test
4007,2025-12-08,Test
4008,2025-12-09,Test
4009,2025-12-10,Test
4010,2025-12-11,Test
4011,2025-12-12,Test
4012,2025-12-15,Test
4013,2025-12-16,Test
4014,2025-12-17,Test
4015,2025-12-18,Test
4016,2025-12-19,Test
4017,2025-12-22,Test
4018,2025-12-23,Test
4019,2025-12-24,Test
4020,2025-12-26,Test
4021,2025-12-29,Test
4022,2025-12-30,Test
4023,2025-12-31,Test
4024,2026-01-02,Test
4025,2026-01-05,Test
4026,2026-01-06,Test
4027,2026-01-07,Test
4028,2026-01-08,Test
4029,2026-01-09,Test
4030,2026-01-12,Test
4031,2026-01-13,Test
4032,2026-01-14,Test
4033,2026-01-15,Test
4034,2026-01-16,Test
4035,2026-01-20,Test
4036,2026-01-21,Test
4037,2026-01-22,Test
4038,2026-01-23,Test
4039,2026-01-26,Test
4040,2026-01-27,Test
4041,2026-01-28,Test
4042,2026-01-29,Test
4043,2026-01-30,Test
4044,2026-02-02,Test
4045,2026-02-03,Test
4046,2026-02-04,Test
4047,2026-02-05,Test
4048,2026-02-06,Test
4049,2026-02-09,Test
4050,2026-02-10,Test
4051,2026-02-11,Test
4052,2026-02-12,Test
4053,2026-02-13,Test
4054,2026-02-17,Test
4055,2026-02-18,Test
4056,2026-02-19,Test
4057,2026-02-20,Test
4058,2026-02-23,Test
4059,2026-02-24,Test
4060,2026-02-25,Test
4061,2026-02-26,Test
4062,2026-02-27,Test
4063,2026-03-02,Test
4064,2026-03-03,Test
4065,2026-03-04,Test
4066,2026-03-05,Test
4067,2026-03-06,Test
4068,2026-03-09,Test
4069,2026-03-10,Test
4070,2026-03-11,Test
4071,2026-03-12,Test
4072,2026-03-13,Test
4073,2026-03-16,Test
4074,2026-03-17,Test
4075,2026-03-18,Test
4076,2026-03-19,Test
4077,2026-03-20,Test
4078,2026-03-23,Test
4079,2026-03-24,Test
4080,2026-03-25,Test
4081,2026-03-26,Test
4082,2026-03-27,Test
4083,2026-03-30,Test
4084,2026-03-31,Test
4085,2026-04-01,Test
4086,2026-04-02,Test
4087,2026-04-06,Test
4088,2026-04-07,Test
4089,2026-04-08,Test
4090,2026-04-09,Test
4091,2026-04-10,Test
4092,2026-04-13,Test
4093,2026-04-14,Test
4094,2026-04-15,Test
4095,2026-04-16,Test
4096,2026-04-17,Test
4097,2026-04-20,Test
4098,2026-04-21,Test
4099,2026-04-22,Test
4100,2026-04-23,Test
